10083,23/07/1959,Vishv,Zockler,M,31/03/1987
11081,20/06/1952,Barry,Boyle,M,17/06/1985
11610,17/07/1962,Eirik,Sidhu,M,18/10/1985
10864,21367,Elliott,Spieker,F,31146
11080,27/12/1956,Sanjai,Puppe,M,32240
11978,24/08/1964,Aran,Khalid,F,32789
10225,13/02/1957,Kellie,Chinen,F,19/06/1986
11114,20310,Tse,Felcyn,M,14/10/1989
10523,16/05/1956,Malu,Skafidas,M,28/12/1988
11758,27/01/1958,Jinpo,Gerlach,M,34038
10380,25/05/1956,Alejandro,Kamble,F,19/03/1985
10087,23/07/1959,Xinglin,Eugenio,F,31633
10779,22531,Mori,Yavatkar,F,32448
11990,24/11/1964,Chanjung,Matheson,M,32272
11520,21186,Pranas,Jervis,F,20/11/1991
10460,19/02/1963,Shushma,VanScheik,M,34341
11296,24/12/1954,Hironobu,Kenevan,M,26/09/1989
10623,19670,Aleksander,Danlos,F,31961
10164,19/01/1956,Jagoda,Braunmuhl,M,31392
10746,29/12/1958,Kolar,Usery,F,31/08/1990
10888,15/03/1959,Kwangho,Dredge,F,28/06/1987
10167,23/05/1958,Duangkaew,Rassart,M,33698
10120,26/03/1960,Armond,Fairtlough,F,35223
11390,22/03/1962,Masali,Ambroszkiewicz,M,19/12/1990
11055,20736,Shaleah,Neiman,M,25/05/1995
11113,28/04/1953,Shahab,Peng,F,30/11/1985
10466,25/12/1954,Jiakeng,Himler,M,29/09/1985
11698,21827,Arun,Azevdeo,M,28/06/1991
11224,21895,Hugo,Mitzlaff,F,32147
10927,13/03/1953,Gal,Scallan,M,26/10/1985
10963,15/04/1957,Hatsukazu,Swist,M,14/01/1988
11886,26/12/1957,Snehasis,Veevers,M,34375
11588,20/07/1952,Kaijung,Panangaden,X,13/10/1986
11755,16/08/1954,Zhenbing,Karner,F,33005
10472,20/08/1959,Salvador,Lodder,M,29/07/1996
11653,23167,Mohammed,Ananiadou,F,26/02/1993
11514,17/08/1963,Georgy,Iwayama,M,30/07/1988
10540,24/02/1961,Martins,Barriga,M,34398
11129,17/08/1964,Goncalo,Pulkowski,M,26/10/1993
11225,25/04/1963,Maria,Schicker,M,33186
11529,22709,Heejo,Langford,M,32236
10084,25/05/1960,Tuval,Kalloufi,M,15/12/1995
10483,13/03/1957,Zhiwei,Anick,M,33827
11159,28/05/1960,Becky,Schlenzig,F,31/08/1986
11598,23564,Sariel,Ertl,M,34369
11716,24/01/1962,Anneli,Leijenhorst,F,17/04/1986
11175,30/06/1963,Aksel,Rajaraman,M,15/03/1991
11721,22/02/1961,Xuejun,Heydon,F,30/11/1990
10213,24/05/1964,Jackson,Kakkad,M,33766
11047,21857,Heping,Gluchowski,F,19/07/1995
10230,20402,Clyde,Vernadat,M,16/06/1996
10904,28/08/1959,Debatosh,Colorni,F,16/04/1993
10082,23263,Parviz,Lortz,M,32933
10853,22/03/1964,Yoshinari,Kalloufi,F,34033
10303,22594,Marlo,Zschoche,M,32995
10729,24/05/1961,Percy,Lorho,F,20/04/1986
11042,13/07/1955,Gou,Breugel,F,26/06/1988
10239,31/03/1955,Nikolaos,Llado,X,34916
10069,22076,Margareta,Bierman,F,32639
10793,27/08/1960,Oksana,Roisin,F,31818
10891,15/12/1963,Susanne,Jiang,F,33066
10030,14/07/1958,Elvis,Demeyer,M,17/02/1994
11999,17/09/1961,Apostol,Rabehasaina,F,16/01/1986
11947,27/10/1957,Kiyomitsu,Lortz,X,24/10/1995
11871,19395,Nalini,Sommen,M,23/01/1988
10501,22898,Susuma,Larfeldt,M,20/04/1987
11036,22745,Muzhong,Greenaway,M,31817
11990,24/11/1964,Chanjung,Matheson,M,32272
11734,28/07/1963,Ramya,Baezner,F,30/04/1990
11565,23051,Yoshinari,Sankaranarayanan,M,32204
11229,20/10/1953,Gretta,Ramamoorthy,M,26/07/1991
10781,19/09/1958,Patricio,Leuchs,M,33330
11187,20856,Koldo,Makinen,M,31087
11539,17/12/1957,Yechiam,Zaumen,M,15/05/1993
10596,24/01/1954,Sanjit,Coors,M,34703
10619,27/04/1961,Vivian,Kusakabe,M,24/03/1989
10624,19/12/1955,Sham,Gyorkos,F,33059
11259,13/01/1960,Amalendu,Gronowski,X,26/12/1986
10922,27/10/1953,Kyoichi,Wossner,M,33855
11276,21096,Yunming,Cappelletti,M,32480
11273,22624,Make,Guting,X,31968
10221,20880,Yucai,Granlund,M,32361
11238,28/12/1962,Kwan,Chenoweth,M,24/09/1988
10237,22/09/1952,Yannis,Mandell,F,32820
11599,23/03/1958,Deniz,Ashish,M,13/03/1989
11543,21/07/1959,Takahiro,Krohm,M,31781
10395,17/02/1952,Takahiro,Deverell,M,31869
11960,15/01/1960,Moss,Flasterstein,M,28/07/1988
10845,24/12/1960,Hidde,Tasistro,F,30/06/1988
10383,13/11/1963,Leucio,Aumann,M,19/06/1991
10182,22373,Moriyoshi,Merey,F,32913
10149,20/05/1953,Xiadong,Perry,F,31543
10151,21704,Itzchak,Lichtner,M,33150
11480,13/09/1960,Masoud,Itschner,F,13/03/1990
11636,16/06/1955,Fumitaka,Shiratori,M,16/11/1992
11875,13/02/1959,Luisa,Sambasivam,F,25/07/1992
10783,13/11/1963,Moty,Kenevan,M,15/05/1994
11739,21440,Venkatesan,Serot,F,31322
10974,19178,Muneo,Papsdorf,M,25/11/1985
10608,20400,Adhemar,Talmor,F,25/05/1986
10560,21920,Yinlin,Esteva,F,28/09/1988
10161,19514,Hairong,Mellouli,X,32206
10299,21/06/1960,Ipke,Stentiford,F,33147
11979,22899,Abdulah,Akazan,F,34555
10243,22/12/1960,Wonhee,Pouyioutas,M,24/11/1985
10157,23/04/1954,Nigel,Aloisi,M,31089
11280,23468,Lillian,Restivo,F,32697
10585,23295,Sajjad,Willoner,F,31533
11925,15/04/1956,Feiyu,Pashtan,M,35101
11974,13/10/1963,Vojin,Sabnani,M,23/07/1989
10837,20973,Chuanti,Karlin,M,14/01/1986
10911,22/07/1959,Shay,Casley,M,25/06/1988
10899,22955,Valery,Rousseau,F,32669
11027,13/12/1955,Remzi,Cappello,M,31598
10014,20791,Berni,Genin,M,32084
11460,19/11/1955,Mana,Maraist,M,14/03/1992
10255,23591,Roddy,Garnick,M,34308
10235,27/03/1958,Susanta,Roccetti,F,34854
10356,19336,Vasilis,Standera,M,32302
10106,29/08/1952,Eben,Aingworth,M,19/12/1990
10052,26/02/1961,Heping,Nitsch,M,21/05/1988
11838,13/04/1955,Taiji,Nitta,M,29/09/1985
11611,24/09/1956,Annemarie,Mateescu,F,31455
11648,26/09/1959,Gill,Ponthieu,M,15/02/1992
11013,31/03/1961,Breannda,Vesel,M,13/09/1996
11088,14/11/1956,Sadun,Hennings,M,25/08/1989
11526,19/04/1954,Tonny,Impagliazzo,M,23/02/1992
10691,18/11/1957,Denny,Setia,M,17/09/1989
11688,21284,Denis,Coullard,F,29/10/1994
11049,23347,Gift,Apsitis,F,35038
11108,15/04/1962,Danae,Grabner,F,33944
10441,27/04/1958,Adel,Perfilyeva,M,32484
11662,25/04/1963,Mokhtar,Hofting,M,31177
10611,23686,Karsten,Blokdijk,M,16/09/1989
10825,27/03/1958,Fan,Fairtlough,M,30/12/1985
11733,25/05/1954,Leszek,Sudbeck,F,33939
10079,22411,Kshitij,Gils,F,27/03/1986
10961,28/03/1957,Weiwu,Choobineh,M,14/05/1986
10289,30/11/1956,Shay,Poulakidas,M,33030
11627,24/09/1964,Zeljko,Schreiter,M,33249
10278,20335,Lubomir,Nitsch,M,17/05/1991
11631,18/11/1960,Kristin,Malinowski,M,14/04/1992
10798,18/07/1961,Elliott,Bednarek,M,33849
10745,23/10/1953,Poorav,Ranze,F,26/05/1987
10111,29/08/1963,Hugo,Rosis,F,19/06/1988
11892,21924,Tesuro,Lorys,M,34220
10420,23073,Kaijung,Riesenhuber,M,17/01/1988
11024,17/06/1954,Manton,Collavizza,M,34823
10365,28/04/1958,Rosine,Granlund,X,31814
11146,25/06/1954,Ishfaq,Masand,F,21/03/1988
10995,26/02/1963,Chenye,Hertweck,F,19/07/1997
11772,19/06/1954,Gaurav,Penz,F,31879
11241,23/09/1956,Yolla,Clemencon,M,35772
10428,25/06/1957,Cathie,Brlek,M,33700
10179,25/11/1961,Deniz,Duclos,F,32973
11135,14/09/1958,Xinyu,Mellouli,X,22/10/1991
10628,18/04/1954,Krisda,Krogh,M,31360
11643,21075,Gila,Redmiles,M,17/12/1993
11795,15/12/1960,Herbert,Erman,F,24/03/1992
11462,28/01/1959,Chikara,Maginnis,M,27/04/1990
10260,14/07/1961,Alper,Suomi,F,13/04/1991
10817,21226,Uri,Rullman,F,26/12/1990
11728,29/09/1961,Serge,Makrucki,M,31789
11642,23/06/1956,Dmitri,Verhoeff,M,33250
10165,16/06/1960,Miyeon,Macedo,M,17/05/1988
10100,21/04/1953,Hironobu,Haraldson,F,21/09/1987
10755,22925,Odysseas,Ressouche,M,16/06/1988
11057,13/02/1959,Adly,Vural,M,35406
11121,13/02/1953,Vugranam,Kakkad,F,21/02/1987
10156,19/09/1964,Sumali,Fargier,M,31323
10109,25/11/1958,Mariusz,Prampolini,F,16/06/1993
11398,30/05/1953,Oscar,Peir,M,23/08/1986
11214,22343,Elgin,Ibel,F,25/11/1991
11069,21/06/1960,Pragnesh,Luff,F,29/08/1988
11569,29/08/1959,Kasidit,Geffroy,F,31573
11744,23568,Felicidad,Auria,F,23/08/1989
11072,22558,Arfst,Pulkowski,M,27/12/1985
11585,28/05/1959,Chaitali,Vandervoorde,M,13/10/1994
11908,13/09/1957,Candida,Iisaku,F,16/10/1985
11021,13/07/1954,Srinidhi,Henders,F,24/05/1985
10843,22410,Honesty,Smeets,M,26/04/1990
11437,18/07/1956,Supot,Vidya,M,33580
10747,20122,Falguni,Khalid,M,33095
11286,23479,Joydip,Gini,F,16/02/1988
10024,21314,Suzette,Pettey,F,19/05/1997
10189,20434,Khalid,Erva,M,32638
10537,29/06/1962,Stella,Benzmuller,M,25/09/1996
11548,13/11/1962,Nahid,Leuchs,M,16/05/1986
11760,30/03/1959,Along,Miake,F,15/09/1985
10997,30/08/1959,Alselm,Parascandalo,F,34490
10517,18/06/1953,Tiina,Speek,M,25/12/1990
11869,14/09/1955,Fumino,Luca,F,35407
11410,27/11/1953,Gro,Vendrig,M,13/07/1997
10074,28/08/1955,Mokhtar,Bernatsky,F,13/08/1990
11524,26/10/1955,Xiadong,Standera,M,20/09/1988
11161,30/01/1957,Ung,Ashish,M,31/05/1988
11481,17/04/1961,Sven,Schrooten,M,31482
10417,23409,Bingning,Bakhtari,M,33941
10180,29/01/1956,Shaw,Wendorf,M,25/02/1986
11478,18/03/1962,Nidapan,Ginneken,M,29/08/1993
10148,20920,Douadi,Azumi,M,34982
11665,21644,Fai,Linnainmaa,M,32513
11912,15/08/1964,Kristian,Giaccio,M,13/11/1985
11261,23140,Claudi,Demri,F,31940
10018,19/06/1954,Kazuhide,Peha,F,31840
11018,21954,Berthier,Luby,F,32209
11034,23/10/1961,Moti,Shrader,F,33970
11345,23689,Youngkon,Maierhofer,M,30/03/1985
11949,27/01/1953,Martijn,Harbusch,M,31354
10992,26/11/1958,Zhensheng,Juneja,X,32150
10507,18/02/1964,Kasidit,Belinskaya,M,26/04/1985
11028,23/02/1952,Miyeon,Krider,M,18/06/1986
11290,19545,Visit,Dredge,M,31268
11205,22768,Tayeb,Ebeling,M,23/08/1993
11263,22533,Kwangjo,Fiebach,M,15/08/1989
10020,24/12/1952,Mayuko,Warwick,M,26/01/1991
10140,21127,Yucel,Auria,F,14/03/1991
10154,17/01/1957,Abdulah,Thibadeau,F,33219
11325,19147,Samphel,Rossi,F,36434
10489,24/08/1958,Elvia,Homond,M,32790
10361,22/04/1961,Seshu,Sidou,F,23/10/1986
10923,29/04/1957,Younwoo,Maquelin,X,33120
11929,18/05/1959,Kendra,Beeson,F,32846
11894,23/12/1954,Mitchel,Validov,M,22/06/1988
11399,21220,Luisa,Plotkin,M,31292
11709,21858,Insup,Wossner,M,31301
10465,13/03/1963,Claudi,Shackel,M,31786
10304,20639,Bernt,Erie,M,16/11/1992
11956,31/03/1958,Mokhtar,Maccarone,M,15/08/1991
10050,21/05/1958,Yinghua,Dredge,M,25/12/1990
11243,14/06/1955,Udi,Desikan,F,34558
11866,20/06/1956,Bojan,Gihr,M,32456
10881,13/06/1959,Katsuo,Miake,M,18/04/1996
10511,18/06/1963,Khoa,Marrevee,M,27/01/1992
11045,28/04/1957,Chikako,Schueller,F,31298
10982,27/02/1964,Yishay,Decleir,M,32823
10695,30/08/1962,Zorica,Acton,M,32636
11392,27/01/1956,Fatemeh,Reeken,M,35766
11142,19/11/1964,Moheb,Raney,X,13/07/1985
11214,22343,Elgin,Ibel,F,25/11/1991
11116,22134,Sverrir,Milicic,M,23/10/1992
10973,22322,Valdiodio,Raczkowsky,M,32631
10351,23/08/1963,Tadahiko,Strehl,F,31231
11176,23540,Mingzeng,Heinisuo,M,15/06/1985
11226,18/05/1961,Margareta,Akiyama,F,13/07/1986
11897,23/11/1952,Cordelia,Setlzner,M,27/12/1987
11436,25/02/1961,Christfried,Lindqvist,M,29/08/1995
10815,22261,Renny,Pramanik,M,19/04/1994
10795,14/12/1954,Supot,Naudin,M,21/05/1985
11385,19087,Shiv,Ullian,M,22/05/1988
10201,15/12/1956,Idoia,Kavraki,F,22/11/1986
11344,31/01/1956,Paddy,Gulak,M,33151
10769,22688,Vishv,Bouloucos,M,16/08/1987
10711,20/06/1963,Arvind,DuBourdieux,F,21/06/1991
10086,19/11/1962,Somnath,Foote,M,16/02/1990
11826,20/02/1964,Carrsten,Rotem,M,32301
10844,19785,Dipayan,Koprowski,M,31839
11279,22048,Masanao,Ranft,M,32516
11456,21/07/1958,Anyuan,Seuren,F,35927
10345,13/12/1960,Arra,Ratnakar,M,34192
10142,29/08/1956,Tzvetan,Hettesheimer,M,28/10/1993
10553,23591,Rajmohan,Wallrath,F,27/10/1985
10884,21369,Teunis,Kleiser,F,15/04/1993
10360,22017,Irene,Munck,M,35164
10633,21065,Sorina,Herber,M,17/06/1985
10146,21885,Chenyi,Syang,M,28/06/1988
11674,29/10/1959,Dzung,Gyimothy,M,31838
11192,19154,Apostol,Bahr,M,30/09/1991
11686,14/11/1952,Nadjib,Srimani,F,14/10/1989
10063,19153,Gino,Leonhardt,F,32724
10369,21033,Qunsheng,Toyoshima,M,17/05/1986
11675,23656,Slavian,Pettit,M,31603
10669,30/05/1956,Yurij,Iisaka,F,34948
10903,21281,Visit,Nyanchama,M,14/02/1989
10807,23/06/1964,Munehiro,Zallocco,X,23/10/1986
11958,22198,KayLiang,Leivant,F,31848
10512,16/11/1955,Udi,Gihr,M,31747
11461,18/04/1955,Kish,Cronau,M,19/08/1986
10714,28/09/1960,Aran,Sadowsky,M,35737
11545,22654,Bartek,Lieblein,F,19/09/1986
11383,22/02/1964,Billur,Herbst,M,18/03/1992
11759,22648,Feixiong,Cincotta,M,30/04/1988
10124,23/05/1962,Geraldo,Marwedel,M,33367
11124,23352,Gladys,Porenta,M,16/04/1990
10043,19/09/1960,Yishay,Tzvieli,M,20/10/1990
10865,16/03/1961,Danco,Etalle,M,19/04/1991
11209,25/06/1964,Xuejun,Penn,M,35590
10403,20458,Atreyi,Mungall,F,13/09/1991
10894,21/08/1958,Suebskul,Srimani,F,18/07/1991
11883,27/05/1952,Nectarios,Bhattacharjee,F,16/04/1988
10250,21527,Serap,Etalle,M,30/08/1992
10726,20029,Zita,Minakawa,F,31056
10122,19/01/1965,Ohad,Esposito,M,23/12/1992
11352,26/09/1961,Toney,Terekhov,X,25/11/1985
10288,21587,Selwyn,Perri,M,29/08/1994
11137,17/03/1955,Hugh,Luca,X,31/07/1986
11609,27/08/1964,Sigeru,Marrakchi,M,33305
11318,23629,Gopalakrishnan,Unno,F,25/01/1986
10418,29/06/1952,Candida,Porotnikoff,F,20/04/1989
11125,27/02/1959,Munir,Spieker,M,26/02/1988
11357,25/05/1958,Radoslaw,Azevdeo,M,15/05/1993
11168,19423,Shmuel,Tetzlaff,F,15/07/1996
11617,21287,Masaki,Peroz,X,29/06/1987
11221,29/11/1953,Alselm,Hammerschmidt,M,22/08/1989
11660,19/07/1955,Gill,Stenning,F,22/11/1986
11060,30/06/1953,Genevieve,Pokrovskii,F,33302
10773,22227,Avishai,Bahr,F,31059
10524,21586,Shigehiro,Cincotta,F,31300
10248,24/09/1955,Frederique,Tempesti,F,13/08/1991
11186,15/07/1953,Kshitij,Stasinski,M,34619
11030,20795,Kwan,Hellwagner,F,32391
10567,21/05/1957,Dietrich,Journel,M,18/10/1992
10275,22/10/1961,Marek,Luck,F,31998
10959,19/06/1956,Kerryn,Vigier,M,34337
10144,17/06/1959,Marla,Brendel,M,14/10/1985
10581,20/11/1956,Odinaldo,Prochazka,F,32388
11133,13/12/1955,Nalini,Azulay,M,32235
10600,17/08/1963,Emran,Rettelbach,F,22/12/1985
11253,19307,Koldo,Pokrovskii,M,22/05/1992
11672,28/04/1959,Munir,Businaro,M,31820
10090,30/05/1961,Kendra,Hofting,M,14/03/1986
11420,30/04/1955,Tsutomu,Lalonde,F,31/01/1992
10549,20/03/1957,Beshir,Kisuki,M,26/10/1995
10316,20/06/1958,Christoper,Schwaller,M,31876
10183,17/10/1954,Mechthild,Bonifati,X,35377
10953,23/06/1956,Jahangir,Laventhal,F,32113
10840,26/04/1961,Mohammad,Koshino,M,34065
10661,20640,Ottavia,Giarratana,F,32478
11741,27/05/1962,Valeri,Vigier,F,32600
11651,13/02/1961,Guoxiang,Giveon,M,32028
11381,22076,Shir,Vural,M,33580
11904,22773,DeForest,Flasterstein,M,34126
11369,22291,Alair,Camarinopoulos,F,33366
10789,19/05/1964,Aruna,Journel,F,31810
11834,20/05/1962,Mana,Wegerle,F,32967
10217,19912,Yongmin,Roison,F,31751
10219,19029,Genta,Kolvik,X,31/03/1993
11663,21043,Maria,Trumbly,F,32090
10306,19396,Heng,Kilgour,M,34129
10666,23446,Zhonghua,Reeker,M,20/05/1989
10112,13/08/1963,Yuichiro,Swick,F,31269
10706,21864,Gonzalo,Eldridge,M,17/12/1989
10344,24/07/1957,Uwe,Garnier,F,25/06/1994
11041,23712,Stamatina,Matheson,M,31389
11333,19/06/1960,Heon,Slobodova,M,14/02/1988
11349,19488,Yurii,Hammerschmidt,M,27/06/1992
11602,19610,Somnath,Malabarba,M,21/06/1993
10768,24/06/1955,Ishfaq,Candan,M,31144
11776,20/10/1961,Giordano,Zaccaria,F,31543
10474,24/02/1962,Kenton,Garnham,F,28/09/1985
10387,19064,Parto,Wrigley,F,19/02/1987
11512,24/09/1962,Nidapan,Hagimont,F,31786
10777,20401,Mizuhito,Kemmerer,F,32270
11888,19118,Badri,Azulay,M,28/11/1994
11493,13/02/1957,Shen,Sevcikova,M,22/07/1995
10896,23715,Adil,Taubenfeld,M,34556
11320,13/04/1954,Atilio,McAlpine,M,24/11/1987
11171,22293,Yuguang,Passino,F,33704
10504,19544,Xiong,Varker,M,32214
11970,21348,Toong,Marrakchi,M,24/05/1985
11305,22/12/1960,Augustine,Schwabacher,F,31720
11633,21799,Kazuyasu,Teitelbaum,F,27/08/1991
10615,30/08/1955,Keung,Delgrande,M,35341
11476,20/06/1954,Manton,Yoshizawa,F,15/01/1994
10677,20/02/1963,Alejandra,Perng,F,35256
11458,21436,Stevo,Chenoweth,F,31208
11079,18/09/1952,Piyush,Garigliano,M,34222
10830,17/08/1954,Fen,Fiebach,M,24/08/1991
10610,24/06/1955,Irena,Roccetti,F,35373
11930,22706,Shai,Radivojevic,F,14/01/1991
12001,22078,Ulf,Hofstetter,F,32784
10040,13/09/1959,Weiyi,Meriste,F,14/02/1993
10480,25/01/1965,Make,Baba,F,18/05/1988
11396,20242,Anneke,Servieres,F,35522
10756,24/06/1958,Paddy,Brizzi,M,21/11/1995
10026,19422,Yongqiao,Berztiss,M,20/03/1995
10705,17/06/1963,Hironobu,Wynblatt,M,18/07/1990
10440,21827,Akeel,Narahara,F,31/03/1994
11102,14/03/1959,Bernardo,Carrera,M,33298
11843,16/01/1959,Zongyan,Slaats,M,26/05/1985
10715,21/11/1959,Goa,Poehlman,M,25/09/1995
10934,21/05/1960,Bartek,Strooper,F,34284
10186,16/07/1953,Shigehito,Kropatsch,M,28/03/1986
11026,24/11/1957,Heon,Ossenbruggen,M,33461
11266,20340,Florina,Rohrbach,M,34793
11515,20151,Ulf,Basawa,F,27/02/1986
10515,15/12/1963,Raimond,Kirkerud,M,28/10/1989
10346,29/01/1963,Aamod,Radwan,M,27/01/1987
11532,21188,Shahab,Cromarty,M,33250
11583,23534,Margo,Domenig,M,31661
11074,17/08/1963,Spyrose,Peak,M,23/04/1992
10720,17/06/1956,Odinaldo,Kruskal,M,31055
11880,22/08/1960,Akeel,Esposito,F,31/01/1993
11551,28/08/1962,Subhrajyoti,Gonthier,X,21/04/1985
11094,28/08/1958,Xiaoshan,Ratnaker,X,26/08/1991
11358,21/04/1960,Nevin,Petereit,F,32910
10252,30/01/1961,Shirish,Wegerle,F,33096
11423,16/09/1954,Guangming,Kopetz,M,14/06/1993
10698,13/09/1959,Barton,Engberts,M,34558
10737,22199,Vincent,Schwartzbauer,M,15/10/1990
10568,19402,Gao,Poulakidas,F,14/02/1989
11179,25/06/1960,Kerhong,Veccia,F,31/03/1992
10900,18/07/1955,Ferdinand,Prenel,F,34889
11927,27/10/1956,Mana,Aingworth,M,26/04/1986
11754,18/05/1958,Malu,Magliocco,F,23/08/1999
10307,20/07/1955,Nikolaos,Leaver,M,33515
10814,17/09/1952,Nidapan,Dymetman,F,17/07/1993
11037,22/05/1952,Lansing,Maliniak,M,28/01/1988
11864,14/06/1952,Pradeep,Kriebel,F,31392
10398,16/07/1958,Shooichi,Escriba,F,33217
10918,26/12/1954,Susumu,Reghbati,M,13/12/1985
11860,29/07/1964,Chriss,DeMori,F,33704
10526,31/12/1963,Kwangho,Theuretzbacher,F,27/02/1988
10998,17/02/1956,Marlo,Kandlur,M,28/06/1992
10136,14/09/1961,Zissis,Pintelas,M,31718
10761,21827,Sumali,Liedekerke,M,30/05/1992
10671,19699,Parviz,Rebaine,M,31990
11985,21894,Baocai,Wiegley,M,18/12/1985
11677,19/02/1958,Shooichi,Luit,F,33581
10137,30/07/1959,Maren,Hutton,M,18/02/1985
11861,22983,Vincent,Claffy,F,28/05/1990
11165,21007,Kolar,Pietrzykowski,M,30/04/1995
10877,23690,Subir,Biron,M,31569
11220,25/06/1962,Sahrah,Figueira,F,24/11/1989
11362,24/11/1963,Tooru,Hockney,M,31322
10169,22345,Sampalli,Snedden,F,1992-07-45
10373,21763,Hongzue,Heijenga,M,26/04/1997
11644,1952-13-08,Sanjit,Zaiane,F,28/01/1991
10375,21073,Dante,Kalafatis,F,29/05/1994
11260,23321,Ingemar,Schade,M,29/09/1993
11139,13/10/1955,Bogdan,Homond,F,24/12/1985
10267,16/01/1956,Shaunak,Cullers,M,35381
11470,22960,Khalid,Michaels,M,26/11/1991
10652,25/04/1960,Danai,Chachaty,M,33209
10943,19/11/1955,Berna,Skafidas,M,19/02/1988
10123,22985,Hinrich,Randi,M,15/01/1993
11479,19402,Shridhar,Pleszkun,X,23/08/1998
11126,23955,Hideo,Daescu,F,25/02/1992
11570,22258,Mayumi,Uchoa,M,32334
10073,23/02/1954,Shir,McClurg,M,33250
10276,27/07/1964,Xuejun,Hempstead,M,21/07/1985
10297,17/06/1956,Narain,Oaver,F,28/05/1986
11316,23053,Ult,Farrar,F,18/07/1997
11687,28/02/1963,Owen,Peak,M,13/01/1986
10942,19214,Toshimitsu,Larfeldt,F,32729
11793,13/08/1960,Barun,Harllee,M,35222
10012,22016,Patricio,Bridgland,M,18/12/1992
11732,14/06/1955,Sanjoy,Ranft,F,31359
11828,15/06/1958,Mikhail,Paciorek,F,14/03/1985
11600,18/07/1961,Yurij,Pardalos,M,30/04/1987
10716,23233,Aiman,Constantine,M,20/08/1985
11762,17/05/1958,Kerhong,Greibach,M,33882
11486,23134,Itzchak,Ramaiah,M,31/05/1985
10851,15/11/1959,Piyawadee,Copas,M,21/11/1994
11382,22740,Akemi,Otillio,M,33334
10150,29/01/1955,Zhenbing,Perng,F,16/11/1986
11881,19153,Arra,Staelin,M,33089
10059,19/09/1953,Alejandro,McAlpine,F,26/06/1991
11474,17/04/1953,Gennady,Akazan,M,26/07/1990
10933,24/01/1965,Juyoung,Seghrouchni,F,34008
10824,20/09/1958,Kirk,Kalsbeek,M,18/03/1985
11429,22/02/1957,Nagui,Kaminger,M,16/10/1986
11111,14/07/1954,Udi,Zastre,F,25/12/1994
10951,20/01/1962,Marco,Iisaku,M,32666
10699,23409,Hatim,Deverell,X,17/11/1985
10561,21375,Serge,Joslin,F,15/12/1990
11899,22472,Bodh,Munke,M,30/12/1995
10118,29/03/1957,Zhonghui,Zyda,F,13/09/1990
11237,21/03/1964,Brendon,Salinas,M,30/03/1986
10679,25/09/1956,Neven,Brender,M,13/05/1990
11162,25/03/1953,Kauko,Narlikar,F,28/03/1985
11872,17/01/1953,Cheong,Riexinger,M,31940
10510,13/02/1960,Keung,Slobodova,F,20/04/1990
11231,28/01/1959,Marit,Narwekar,F,32328
10857,21130,Fusako,Stenning&,F,32967
10077,18/04/1964,Mona,Azuma,M,32907
11188,13/03/1956,Kazuyasu,Kushner,F,23/04/1987
10234,18/01/1961,Arunachalam,Bakhtari,X,19/11/1990
10829,20400,Alper,Narahara,F,22/02/1993
11242,27/12/1958,Jinya,Camurati,F,30/04/1989
10981,22/07/1956,Sugwoo,Dulin,F,32568
10541,20220,Godehard,Eiter,M,28/02/1986
10948a,23/12/1952,Shigehito,Brodie,M,30/09/1996
11250,15/08/1957,Sverrir,Cusworth,M,30/06/1992
11649,19915,Shen,Bernardinello,F,33360
10875,27/10/1958,Filipp,Suri,F,19/05/1988
10672,23/03/1954,Bluma,Zeilberger,M,13/07/1986
10603,20128,Wayne,Restivo,M,20/07/1995
10656,18/06/1962,Sanjay,Litzkow,M,21/06/1988
11172,25/06/1963,Kristian,Sudkamp,F,32665
10713,14/04/1959,Jagoda,Naumovich,M,26/04/1986
11639,23412,Khatoun,Herath,M,18/02/1987
11936,18/11/1956,Oddvar,Jonsson,F,26/05/1993
11389,29/12/1959,Ronnie,Provine,M,14/01/1988
10554,21193,Dines,Gerlach,M,28/11/1990
10583,23439,Prasadram,Stille,F,14/02/1985
10114,16/02/1957,Munir,Demeyer,F,17/07/1992
11811,19486,Herb,Boissier,M,28/03/1992
11511,23413,Arlette,Mikschl,M,33398
10926,13/10/1954,Leni,Eppinger,F,30/04/1990
11858,21/11/1962,Slavian,Baik,M,32488
10630,20005,Bezalel,Katzenelson,F,26/06/1993
11837,26/03/1957,Shigeaki,Sury,F,15/06/1990
11285,23/02/1962,Randy,Koshino,M,35492
10181,22/01/1963,Sibyl,Nooteboom,M,22/06/1988
11050,23/09/1952,Elvis,Katiyar,M,31568
11427,15/08/1963,Haldun,Iisaka,F,25/02/1994
10174,15/05/1959,Badri,Furudate,M,31783
11805,19485,Rosine,Grandbois,M,31056
10960,24/10/1959,Billur,Braunschweig,M,14/03/1988
11873,22167,Venkatesan,Reeken,F,14/11/1998
10968,19/03/1961,Lakshmi,Kolinko,M,31359
10634,19732,Nahid,Chepyzhov,M,33188
11813,27/04/1952,Gita,Muhlberg,F,16/03/1987
10722,21985,Dung,Gornas,M,17/01/1989
10784,27/01/1957,Weijing,Bottner,F,32116
10070,20/08/1955,Reuven,Garigliano,M,14/10/1985
11542,22225,Maia,Kawashima,M,20/06/1985
10378,23506,Takahira,Lichtner,M,30/12/1990
10988,24/06/1955,Chinya,Deyuan,M,19/06/1985
10931,30/06/1963,Abdulla,Beutelspacher,F,14/06/1992
10889,21/06/1956,Cheong,Coors,F,32089
11535,20678,Aemilian,Ohori,F,32393
11815,23258,Akemi,Sommen,M,31750
11625,21834,Kokou,Hemaspaandra,F,32456
10946,20676,Shaz,Kabayashi,M,35157
10743,26/12/1963,Kiyomitsu,Peltason,M,31326
10348,20762,Mahendra,Picco,F,22/10/1995
11863,22712,Stella,Peng,M,16/12/1988
11743,20579,Clyde,Huttel,F,17/04/1996
10342,17/03/1960,Stella,Hiroyama,X,25/07/1987
11174,14/09/1952,Akhilish,Milicia,M,24/05/1996
11582,21/08/1961,Willard,Baar,M,33089
11475,25/04/1957,Dekang,Siegrist,F,35528
11466,23468,Naftali,Koshino,F,31476
10668,20/03/1959,Maren,Granlund,F,25/09/1989
11245,24/03/1960,Jaideep,Pews,F,25/11/1994
10205,20/05/1953,Mabhin,Leijenhorst,F,23/08/1993
11086,24/10/1958,Yishai,Dalphin,X,32205
11635,13/07/1964,Nalini,Mahnke,F,13/10/1989
11523,25/01/1953,Yuguang,Pezzoli,F,23/12/1992
10941,26/08/1960,Katsuyuki,Norsworthy,M,22/08/1993
11360,24/05/1953,Fen,Schach,M,32843
11247,21520,Ranga,Rebaine,M,34091
10938,21494,Shaowei,Iisaku,F,24/09/1985
10614,19670,Gila,Ozeri,F,32935
11746,22/05/1952,Koichi,Marrakchi,X,17/11/1988
10266,24/02/1958,Sukumar,Rassart,M,25/05/1990
10690,22806,Matt,Jumpertz,F,22/08/1989
11874,30/10/1956,Baoqiu,Motley,M,27/07/1995
11054,28/09/1960,Utpal,Krohn,M,18/07/1986
11981,23685,LiMin,Horswill,M,14/09/1990
11749,28/11/1957,Masamitsu,Penttonen,M,26/08/1985
11525,14/04/1958,Tadahiro,Huttel,M,32213
11432,15/01/1965,Yongmao,Zwicker,M,19/10/1987
11541,25/05/1957,Chinhyun,Coombs,F,32997
11426,21194,Shuky,Schwartzbauer,M,31815
11173,26/12/1957,Tooru,Warwick,M,32209
10545,23346,Hauke,dAstous,M,30/06/1990
11213,19/10/1955,Vugranam,Munoz,F,17/06/1998
11718,31/07/1956,Richard,Marshall,F,35377
10595,23662,Giri,Undy,M,24/11/1989
10423,20729,Dante,Cronin,F,35955
11558,20/06/1959,Sungwon,Hofting,M,18/09/1996
11915,16/08/1954,Miomir,Mawatari,M,29/08/1987
11571,21135,Jinpo,Takkinen,F,15/02/1986
10419,22/06/1964,Maria,Bauknecht,F,25/04/1992
11777,17/12/1962,Mayumi,Cooley,M,33219
11244,20/08/1959,Navin,Restivo,F,31265
11513,16/07/1954,Otmar,Mahnke,M,27/03/1986
11530,14/11/1956,Oscar,Jarecki,M,31326
11840,27/07/1962,Jayson,Hofman,M,21/12/1986
10057,30/05/1954,Ebbe,Callaway,F,15/01/1992
10778,13/03/1953,Selwyn,Merey,M,31509
11452,16/01/1953,Shigehito,Luby,F,26/08/1993
11942,22/08/1957,Uri,Scharstein,F,31202
11464,22/10/1962,Boutros,Simkin,M,30/05/1992
11485,27/06/1959,Nahid,Khalil,M,33338
11303,27/04/1957,Jaewoo,Usery,M,31543
10667,20217,Makato,Cusworth,F,25/06/1990
10407,20216,Ulf,Siepmann,M,33088
10187,26/05/1961,Tommaso,Narwekar,F,33244
11096,21/02/1962,Shugo,Zallocco,F,31758
10444,29/07/1956,Kazuhira,Rosis,M,31/03/1993
10605,21/05/1956,Moti,Wixon,F,29/04/1985
10075,22162,Gao,Dolinsky,F,19/03/1987
10702,25/11/1952,Bader,Szemeredi,M,23/07/1985
10775,20792,Xiaoheng,Sluis,M,32398
10749,21/08/1955,King,Brendel,M,26/09/1985
10740,19/04/1956,Suzette,Sadowski,M,15/08/1995
10928,22292,Udaiprakash,Schmezko,M,33423
10094,25/05/1957,Arumugam,Ossenbruggen,F,18/04/1987
11469,19005,Guttorm,Giaccio,M,23/05/1988
10724,20981,Aluzio,Narlikar,M,33339
11534,23/08/1960,Surveyors,Besancenot,M,19/11/1988
11309,28/05/1963,Caolyn,Ranai,M,24/01/1994
11537,29/06/1955,DAIDA,Pehl,M,31570
10103,26/11/1953,Akemi,Birch,M,31455
11240,20431,Kiam,Condotta,M,32458
11324,16/11/1953,Kauko,Billingsley,F,29/08/1985
10377,19/08/1954,Marl,Grospietsch,M,33059
11975,20548,Ger,Moehrke,M,24/03/1991
10658,21/11/1956,Junsik,Rijckaert,F,29/04/1994
10415,21165,Mark,Coorg,M,25/10/1993
10578,18/07/1958,Shigeaki,Shanbhogue,F,24/11/1989
10528,16/05/1963,Koichi,Lakshmanan,F,29/12/1991
11973,21460,Aamod,Erdmenger,F,13/04/1989
10008,19/02/1958,Saniya,Kalloufi,M,15/09/1994
11112,19852,Boaz,Mukaidono,M,20/08/1987
11401,20/12/1952,Huan,Merey,F,15/04/1995
11490,21102,Bedir,Osgood,M,28/04/1990
11932,28/05/1956,Tze,Zolotykh,M,28/12/1987
10833,19697,Krisda,Gecseg,F,32722
10867,19003,Billur,Gyorkos,M,31634
10294,20210,Rutger,Miara,M,35281
10080,20891,Premal,Baek,M,19/11/1985
10906,19147,Munehiro,Carrere,F,20/01/1994
11972,19734,Sibyl,Beausoleil,F,33064
11945,17/02/1952,Limsoon,Marakhovsky,F,22/07/1991
10514,23074,Tomofumi,McClure,M,29/04/1992
11068,20517,Honglan,Harnett,F,29/06/1989
11395,21643,Nectarios,Chleq,M,20/06/1987
11836,14/09/1952,Ortrud,Bakhtari,M,28/07/1989
11966,22/10/1960,Poornachandra,Rotem,F,20/01/1987
11591,22350,Kiyomitsu,Lindqvist,M,31594
11044,18/03/1959,Elvia,Cherinka,M,15/11/1990
10645,20823,Fumiyo,Esposito,M,32145
10216,16/07/1958,Amstein,Ghemri,M,30/10/1987
10215,19759,Xiaobin,Duclos,M,19/10/1987
11075,28/10/1954,Karsten,Belinskaya,F,29/10/1996
11593,23106,Eckart,Gunderson,M,32550
10502,21011,Yonghoan,Marshall,M,34062
11342,29/12/1959,Xudong,Butner,M,35856
11595,26/02/1953,Takanari,Kamber,M,23/01/1992
10015,19/08/1959,Guoxiang,Nooteboom,M,31815
10486,24/08/1952,Amstein,Kossowski,F,31999
11372,19458,Susanta,Vilarrasa,M,14/05/1993
10108,19179,Lunjin,Giveon,M,31453
11870,30/11/1962,Adas,Quittner,M,28/03/1988
10323,20/06/1958,Kankanahalli,Hinsberger,M,33395
11774,20035,Aron,Wroclawski,X,30/12/1997
11292,18/05/1953,Souichi,Sichman,F,32814
11170,19119,Minghong,Cannard,M,29/12/1989
11787,31/12/1956,Subhada,Garnick,M,25/08/1987
11282,31/01/1964,Josyula,Schaad,M,33544
10674,1961-03,Abdelaziz,Bisiani,M,1988-09
10128,15/02/1958,Babette,Lamba,F,32300
10200,31/12/1961,Vidya,Awdeh,M,16/10/1985
11508,20519,Ronnie,Ritcey,F,32481
11794,25/10/1964,Atreye,Ghandeharizadeh,M,31813
10028,26/11/1963,Domenick,Tempesti,M,22/10/1991
11312,24/11/1956,Shih,Terlouw,F,23/01/1994
10693,14/12/1953,Berhard,Daescu,F,31625
10991,22/05/1957,Munehiro,Aingworth,M,21/05/1993
10835,23/11/1952,Tomoyuki,Kermarrec,M,28/07/1985
11646,22/06/1953,Lobel,Rubsam,M,33914
11957,13/06/1958,Frederique,Radivojevic,F,33638
11428,19578,Remco,Reinhart,M,31/07/1994
11100,14/10/1955,Berna,Cochrane,M,13/10/1986
10491,23629,Garnik,Narahar|,X,17/01/1990
11710,20/12/1958,Rajmohan,Hatcliff,F,31541
11149,28/06/1964,Domenico,Imataki,M,26/08/1987
10283,19578,Kauko,Birjandi,M,25/05/1988
10170,21985,Kasturi,Jenevein,F,31444
10808,20402,Chenxi,Leijenhorst,M,31961
11659,21409,Tremaine,Pileggi,M,31/08/1988
11910,23/09/1961,Tamiya,Luders,F,33947
11695,21251,Gretta,Serra,M,26/04/1989
11504,16/06/1962,Saeed,Ananiadou,F,30/09/1990
10404,27/04/1955,Prodip,Rosti,F,28/08/1988
11781,29/11/1964,Tua,Pluym,M,14/11/1987
11118,19/12/1959,Sailaja,Gelosh,F,28/11/1988
10965,20369,Eckart,Braunschweig,M,29/07/1986
11921,19/10/1958,Yaghout,Benner,M,31505
11338,19794,Kwangsub,Hanratty,M,14/04/1987
11989,29/10/1953,Erzsebet,Peltason,M,32690
11394,23408,Masadi,Uhrik,M,20/12/1988
10892,13/12/1959,Kazunori,Vieth,M,33181
10438,25/12/1961,Evgueni,Srimani,F,19/01/1990
10488,17/10/1959,Mihalis,Heering,M,34583
11181,28/05/1952,Hausi,Cullers,M,33915
11608,17/04/1961,Jagoda,Jonsson,F,19/04/1987
11438,21797,Morris,Heping,M,17/11/1994
11217,19731,Kellie,Mawatari,M,22/09/1987
11356,31/12/1959,Hercules,Gerlach,M,26/10/1985
10895,21/03/1952,Vishwani,Petersohn,M,26/04/1986
11178,20791,Kellyn,Daescu,M,27/05/1985
10391,13/06/1956,Hongzue,Akaboshi,M,24/12/1989
11202,23387,Marek,Ranon,F,17/02/1985
10253,23722,Zsolt,Salinas,F,21/02/1985
11694,26/08/1962,Stamatina,Ozery,F,31/03/1989
10158,21189,Khedija,Mitsuhashi,M,29/01/1986
11000,22259,Alain,Bonifati,M,20/08/1988
10594,22/10/1960,Kiyokazu,Whitcomb,M,32177
10771,22194,Guiseppe,Kleiser,F,32731
11251,16/10/1955,Bezalel,Chinal,M,26/11/1985
11971,21042,Dhritiman,Cooke,M,32092
10468,28/08/1960,Yoshimitsu,Shobatake,M,28/05/1991
11335,20/11/1960,Bernd,Plump,M,33460
10424,17/08/1959,Babette,Straney,M,32697
10738,23233,Rosita,Oppitz,M,17/01/1988
11035,25/09/1963,Bangqing,Atrawala,M,33765
11561,25/02/1960,Akeno,McAffer,M,26/12/1989
10588,30/07/1956,Shigeo,Dulay,F,28/01/1987
11680,23/04/1958,Aral,Iwayama,M,13/05/1990
11093,21865,Licheng,Kitai,F,17/02/1986
11328,13/10/1958,Xiong,Ferriere,M,31632
10478,21035,Maik,Ushiama,M,33853
11528,26/04/1955,Zito,Dolinsky,M,15/06/1987
11166,27/05/1958,Weiyi,Antonisse,M,32972
11670,25/09/1964,Evgueni,Kroon,F,17/05/1985
11361,22839,Zhonghui,Birdsall,M,31844
10359,18/04/1960,Heekeun,Sambasivam,F,33486
10076,13/06/1952,Erez,Ritzmann,F,31297
11210,27/09/1957,Kamakshi,Decaestecker,M,27/02/1986
11453,18/11/1962,Fei,Lakshmanan,M,13/07/1990
11311,28/04/1958,Hyuckchul,Bahk,F,15/12/1994
10902,23625,Inderjeet,Perly,M,22/04/1990
10898,22565,Munenori,Markovitch,F,31689
10431,25/05/1961,Patricio,Bugrara,M,31999
10141,17/01/1960,Shahaf,Ishibashi,F,34125
11980,20155,Yechezkel,Pews,M,20/01/1992
11619,14/08/1958,Taiji,Ozeki,F,33612
11195,19458,Masanao,Lovengreen,M,13/06/1991
10805,21893,Kerhong,Bernick,F,26/05/1987
10422,19761,Greger,Rubsam,F,33066
10382,20429,Shirish,Dredge,M,32970
10326,13/02/1953,Masali,Czap,F,13/05/1985
11567,19882,Teiji,Mitzlaff,M,32204
10464,22745,Mang,Maginnis,F,32761
11768,23626,Krassimir,Erol,M,31/03/1988
10639,18/04/1953,Pramod,Erol,M,25/10/1992
10355,19279,Satyanarayana,Cochrane,M,15/11/1987
10780,20432,Goncalo,Staudhammer,M,32670
11424,23196,Lein,Sudkamp,M,32516
10473,13/10/1963,Przemyslawa,Oskamp,M,30/10/1987
11824,22037,Zhensheng,Karcich,X,34222
11516,21337,Hironoby,Sethi,M,26/07/1992
11800,21440,Aamer,Fraisse,M,33093
11554,28/05/1955,Subhash,Taubenfeld,M,1888-10-17
11500,22078,Ranan,Weedon,M,33424
11685,27/02/1958,Ulf,Erde,M,33886
10389,24/03/1953,Make,Peir,M,31/10/1995
10449,28/09/1959,Aleksandar,Sudkamp,M,28/03/1987
11270,22929,Gina,Falster,M,28/09/1988
11615,20212,Shem,Isaak,F,13/09/1988
10193,29/06/1960,Masaru,Cheshire,M,28/07/1991
11435,29/05/1962,Utpal,Lichtman,M,15/10/1986
11212,22562,Teruyuki,Peternell,M,16/10/1985
10538,18/08/1955,Przemyslawa,Falby,M,23/07/1987
11032,19/04/1953,Erez,Schaaf,M,33941
11601,17/11/1958,Erez,Ritzmann,M,33058
10066,13/11/1952,Kwee,Schusler,M,26/02/1986
10238,23418,Mototsugu,Gire,FF,19/11/1986
10897,27/05/1958,Arno,Kumaresan,F,31659
10097,27/02/1952,Remzi,Waschkowski,M,15/09/1990
11090,21830,Ebbe,Hasenauer,M,25/07/1986
10563,27/10/1956,Mohit,Spelt,M,29/09/1992
11323,24/05/1964,Hyuckchul,Pfau,X,13/02/1995
10709,22433,Jiafu,Mateescu,F,31445
10758,26/11/1962,Fumiyo,Boyle,F,32296
10044,21/09/1961,Mingsen,Casley,F,21/05/1994
11559,22499,Jaihie,Nollmann,F,17/12/1990
10869,22899,Guangming,Jonsson,F,15/03/1996
10910,1258-11-11,Arco,Jervis,M,13/07/1989
10627,22807,Shigeu,Itzfeldt,M,33430
10354,21/04/1961,Moto,Kusakari,M,26/03/1996
11835,13/09/1961,Arnould,Hofman,F,24/02/1990
11773,31/12/1961,Naftaly,Lorys,M,31/10/1987
10309,23539,Prodip,Schusler,F,20/06/1985
10110,21004,Xuejia,Ullian,F,22/08/1986
11115,27/06/1958,Sahrah,Demos,M,35865
11301,19/08/1953,Dan,Oxenboll,F,23/05/1989,
10099,25/05/1956,Valter,Sullins,F,18/10/1988
11204,15/12/1955,Diederik,Covnot,M,18/09/1985
10006,20/04/1953,Anneke,Preusig,F,32545
10019,23/01/1953,Lillian,Haddadi,M,30/04/1999
10251,25/04/1957,Alair,Rosenbaum,M,25/06/1992
10979,21863,Elrique,Raney,F,27/01/1986
10754,20676,Chenyi,Feinberg,X,32448
11959,14/02/1962,Duro,Pettis,M,33301
10856,13/03/1964,Sreenivas,Peck,F,31/12/1986
10209,20801,Yolla,Ellozy,F,23/11/1991
10115,25/12/1964,Chikara,Rissland,M,23/01/1986
11138,20800,Adel,Matteis,M,22/10/1986
10321,20435,Guenter,Ravishankar,M,24/09/1991
11901,22775,Baoqiu,Plumb,M,32792
11330,21/08/1961,Chriss,Adachi,M,28/06/1990
10270,30/01/1963,Bedir,Hartvigsen,F,26/04/1990
11820,26/11/1961,Danil,Badache,M,20/06/1993
11775,16/06/1963,Sajjad,Xiaoshan,F,31200
11657,21189,Gou,Bazzichi,F,19/03/1989
10072,15/05/1952,Hironoby,Sidou,F,21/07/1988
10197,23170,Kasidit,Krzyzanowski,F,22/11/1993
10232,20762,Marko,Auria,F,33700
10676,26/08/1953,Valeri,Danley,F,20/03/1986
10479,27/01/1959,Duro,Coney,F,28/02/1987
11455,13/10/1959,Jianhui,Wolniewicz,M,14/08/1994
10228,21/04/1953,Karoline,Cesareni,F,26/08/1991
11879,14/11/1957,Heping,Garigliano,M,32062
11802,18/01/1956,Katsuo,Benzmuller,F,32481
10646,24/11/1957,Uri,Chorvat,M,32332
11185,20001,Aloys,Baezner,M,26/01/1995
11376,19270,Valery,Suomi,M,14/03/1986
10818,20/12/1958,Huan,Monarch,M,22/10/1995
11010,20/03/1963,Jaques,Narwekar,F,18/12/1986
11676,19332,Valeri,Ferriere,F,16/03/1985
10617,26/01/1955,Hidekazu,Angel,F,29/03/1985
11132,19001,Kristin,Harnett,M,30/08/1994
10005,21/01/1955,Kyoichi,Maliniak,M,32851
11148,23/01/1953,Zhanqiu,Botman,F,31205
10621,22707,Hinrich,Siepmann,F,23/06/1991
11183,26/06/1960,Herbert,Serdy,M,28/12/1990
11134,15/05/1954,Sachar,Rajcani,F,26/05/1988
10127,24/02/1952,Subir,Baja,F,14/01/1989
11143,20243,Yongdong,Rosen,M,35313
10861,27/02/1962,Howell,Baek,M,32787
11814,16/09/1954,Manohar,Shinomoto,F,34187
11891,16/06/1960,Hyuncheol,Bail,M,20/03/1991
11753,23204,Fayez,Nishimukai,F,16/11/1985
10031,27/01/1959,Karsten,Joslin,M,33247
11198,23350,Leif,Gini,M,32326
10484,30/08/1961,Nirmal,Varley,F,31/10/1995
11492,22684,Menkae,Mikschl,X,15/03/1994
11252,21651,Rutger,Dulin,M,15/01/1986
11764,22/04/1953,Sanjay,Anick,F,25/04/1988
10785,23256,Keiichiro,Marzano,M,34649
11293,21529,Naftali,Birge,F,33824
11444,17/11/1963,Sangeeta,Leuchs,M,33604
11448,19/01/1960,Yolla,Biron,M,26/08/1995
10263,22495,Takahiro,Waterhouse,M,34456
11816,26/04/1964,Masako,Besselaar,M,33366
11846,24/04/1954,Fai,Perly,F,21/11/1993
11417,20/11/1954,Anneli,Cyne,M,15/05/1990
10766,23656,Nathalie,Standera,M,35193
11692,20492,Rance,Provine,X,20/04/1989
11605,26/05/1961,Arno,Genther,M,22/05/1987
11484,21766,Holgard,Siepmann,M,22/01/1995
10750,14/06/1953,Roddy,Demeyer,F,33336
11765,17/08/1955,Zorica,Junet,F,33335
11848,19/09/1958,Amabile,Haumacher,M,24/11/1993
10429,13/02/1952,Martien,Improta,F,31658
10224,17/05/1954,Leon,Trogemann,M,32387
11590,22625,Adel,Eppinger,M,26/06/1997
10469,22/12/1964,Munehiko,Ananiadou,M,31173
10171,21133,Herbert,Trachtenberg,M,22/07/1989
10340,20/08/1952,Djelloul,Laventhal,M,31903
10159,20151,Serif,Buescher,M,29/05/1991
10654,17/03/1960,Nahla,Castellani,F,28/05/1987
10744,17/02/1957,Yaghout,Syang,M,29/12/1985
10432,19521,Hisao,Tiemann,F,30/04/1985
10683,18/06/1952,Guiseppe,Stranks,F,34159
10527,15/09/1964,Tetsushi,Barvinok,X,25/01/1996
11304,21553,Rajmohan,Azadmanesh,F,33520
10632,22040,Yoshimitsu,Velardi,F,25/07/1985
10272,30/11/1954,Yishai,Cannane,M,23/05/1988
10437,20643,Narain,Reeker,F,35403
10796,30/06/1959,Khoa,Rousseau,M,33096
11346,25/04/1962,Jungsoon,Fiebach,M,27/10/1988
10809,22798,Shim,Feldhoffer,F,31870
11211,19310,Yurij,Rissland,M,17/09/1985
11315,21/04/1955,Neven,Meriste,M,17/07/1999
10555,25/09/1962,Vitaly,Picci,M,32670
11839,24/10/1962,Navid,Falck,M,32489
10125,13/09/1957,Syozo,Hiltgen,X,26/10/1990
10177,19947,Pragnesh,Iisaka,M,34122
11503,19367,Nathan,Picht,F,25/01/1993
11157,23744,Mario,Cochrane,M,30/03/1985
10037,22/07/1963,Pradeep,Makrucki,M,33005
10461,26/10/1956,Gal,Karcich,M,31844
10849,19482,Makato,Mayerwieser,M,25/06/1995
1097C,24/08/1962,Gen,Tiemann,F,16/09/1994
10105,22768,Hironoby,Piveteau,M,23/03/1999
10023,29/09/1953,Bojan,Monte_Mayor,F,17/12/1989
11070,30/06/1952,Adib,Raney,M,24/07/1985
10770,18/06/1956,Bedir,Perry,F,25/12/1987
11095,31/12/1961,Nathan,Flowers,M,28/05/1994
11923,17/07/1957,Breannda,Gustavson,F,34431
11667,15/05/1955,Kristian,Marchegay,F,33094
10240,18997,Remko,Maccarone,M,35956
10401,25/04/1962,Eckart,Barriga,M,33362
10132,15/12/1956,Ayakannu,Skrikant,M,30/10/1994
10261,25/12/1959,Mang,Erie,M,20/10/1993
10868,21859,Houman,Unno,F,20/03/1990
10582,22133,Shmuel,Juneja,M,22/06/1986
10390,22100,Wanqing,Bratten,M,17/05/1989
10300,22257,Tadahiko,Ulupinar,F,17/05/1991
10810,23/10/1957,Lijie,Lunn,F,34524
10210,24/01/1958,Yuping,Alpin,X,34612
11907,21224,Takahito,Cromarty,M,27/02/1992
11982,21/01/1957,Marsha,Hasenauer,M,17/12/1985
11384,17/12/1962,Jaana,Veccia,F,34399
10915,22588,Valery,Skafidas,M,31940
11553,14/01/1960,Toshimitsu,Aloia,M,21/01/1991
10421,22/03/1959,Divine,Marzano,M,32851
10886,30/09/1964,Sushant,Begiun,M,26/03/1995
11374,25/01/1960,Remzi,Matzat,F,34315
11693,15/02/1952,Hideo,Coorg,M,13/03/1989
10331,22623,Arto,Binkley,M,31202
10470,20793,Peternela,Iwayama,M,32148
11097,18/12/1957,Jovan,Rissanen,F,28/01/1989
11944,15/05/1952,Along,Aumann,M,14/06/1991
11061,20039,Pintsang,Erni,M,19/02/1993
11158,23/02/1952,Masaki,Hagimont,M,20/04/1996
11714,22380,Menkae,Bultermann,M,32639
11507,27/01/1956,Kristian,Cangellaris,M,19/05/1994
10246,23/06/1962,Basem,Teitelbaum,M,32118
10003,21621,Parto,Bamford,M,28/08/1986
10744,17/02/1957,Yaghout,Syang,M,29/12/1985
10025,31/10/1958,Prasadram,Heyers,M,17/08/1987
10718,19/12/1955,Adib,Rullman,M,21/07/1988
10932,19/11/1955,Avishai,Picci,F,34586
11442,20459,Leucio,Rindone,F,22/06/1987
11023,23590,Yifei,Driscoll,M,33213
11371,17/05/1956,Tadahiko,Masamoto,M,25/12/1988
10542,20210,Yannis,Couchot,F,28/03/1989
10663,23986,Teunis,Noriega,M,23/01/1993
10119,21927,Domenick,Peltason,X,14/03/1986
10548,19334,Ramalingam,Gunderson,M,31507
10168,23690,Dharmaraja,Stassinopoulos,M,31575
10552,25/03/1953,Kazuhito,Shiratori,M,18/08/1998
10909,20039,Georgi,Atchley,M,21/04/1985
10269,21741,Taizo,Oxman,F,24/07/1988
10901,21890,Chrisa,Narahara,M,30/10/1992
10490,28/09/1961,Huiqun,Vuskovic,F,33795
10803,15/05/1952,Katsuyuki,Velasco,F,20/04/1988
11156,13/04/1954,Tomoyuki,Armand,M,34889
11658,13/04/1961,Hongzue,Streng,M,33664
11655,28/10/1963,Gift,Broomell,M,31170
11890,23/10/1959,Remmert,Kirkerud,M,33118
11827,20638,Gretta,Rando,M,33490
10752,18/07/1964,Byong,Conde,M,28/05/1993
10175,22221,Aleksandar,Ananiadou,F,32448
10310,29/08/1964,Aksel,Alencar,M,24/10/1990
10657,21431,Juichirou,Kitsuregawa,M,1989-12-45
10055,20612,Georgy,Dredge,M,27/04/1992
11145,14/01/1954,Jinxi,Baak,F,33026
10152,19736,Jaques,Munro,F,27/01/1986
10828,22990,Godehard,Gammage,M,14/02/1986
10328,28/06/1955,Serenella,Kawashima,M,16/01/1994
11408,13/01/1961,Shahab,Serot,F,28/05/1995
10492,20883,Lobel,Kumaresan,M,24/04/1988
11893,21708,Vitali,Zobel,M,35014
11450,23715,Wanqing,Glinert,M,31873
10285,21/09/1956,Zhonghui,Preusig,F,27/02/1995
10919,22380,Reinhard,Lindenbaum,M,19/04/1987
11258,19703,Aris,Maccarone,F,28/03/1991
10792,22745,Chinya,Birdsall,M,31328
11101,31/10/1961,Manibrata,Horswill,M,26/06/1992
10772,21/01/1956,Munehiro,Dayana,M,29/06/1987
11857,20160,Divier,Farrag,F,27/08/1986
11661,23133,Candida,Moffat,M,24/08/1995
11391,26/03/1963,Jouko,Antonakopoulos,M,14/10/1994
11441,16/11/1954,Marlo,Aingworth,M,27/03/1987
11380,23/04/1952,Kenroku,Pelc,M,32205
11495,23408,Shin,Barriga,M,13/09/1989
10821,14/04/1959,Irena,Schurmann,M,32114
10282,27/11/1953,Hercules,Benzmuller,M,31508
10195,13/11/1963,Annemarie,Redmiles,M,15/02/1985
10721,23718,Bernd,Redmiles,F,17/03/1995
11425,20/11/1955,Renee,Crelier,M,27/08/1990
11065,21160,Filipe,Rathonyi,M,14/11/1985
10613,22017,Inderjeet,Jansen,M,32882
11249,19734,Randi,Cyre,M,29/08/1985
10832,29/08/1964,Hidde,Bergere,F,31726
10551,23202,Jeong,Rijsenbrij,M,32302
10686,25/05/1963,Avishai,Azadmanesh,F,17/05/1987
10145,30/03/1956,Akemi,Esposito,F,31785
10292,27/01/1963,Yucel,Ghelli,F,32634
11298,20675,Jiong,Alvarado,M,13/12/1991
11757,22/05/1964,Jackson,Meriste,F,31962
11527,19147,Alagu,Boyle,M,32209
10767,28/02/1954,Monique,Doering,F,17/06/1987
11158,23/02/1952,Masaki,Hagimont,M,20/04/1996
10329,28/04/1958,Remko,Shigei,F,20/01/1986
10532,31/08/1959,Mary,Wossner,F,18/05/1986
11473,27/06/1957,Jiakeng,Eugenio,M,19/11/1986
11766,23660,Nimmagadda,Berztiss,F,27/10/1987
11234,17/06/1961,Tooru,Vingron,M,21/08/1990
10341,22/11/1960,Wilmer,Greenaway,F,29/04/1987
10978,24/09/1962,Huiqun,Bellone,M,18/05/1985
11431,19852,Youngkon,Picht,X,16/09/1985
10852,24/11/1959,Hercules,Munck,F,21/03/1996
11051,19155,Przemyslawa,Erol,F,31298
11763,19/08/1953,Yuriy,Liesche,F,35288
11862,25/01/1954,Alejandra,Deville,M,20/01/1993
11900,22436,Tse,Ermel,M,26/05/1990
11934,21347,Diederik,Deville,M,34039
10053,13/09/1954,Sanjiv,Zschoche,F,31504
11007,16/03/1962,Olivera,Maccarone,M,33546
10602,27/11/1959,Douadi,Wossner,M,32480
11906,26/04/1955,Hideo,Boguraev,F,30/03/1987
10399,13/06/1957,Guenter,Marchegay,F,31233
10642,19/12/1955,Hirochika,Narlikar,M,31571
11367,22839,Christophe,Slobodova,X,21/11/1989
10601,23/10/1959,Barton,Usdin,M,29/08/1994
11203,24/06/1952,Sakthirel,Yetto,M,32295
11025,21/03/1960,Heekeun,Delgrange,M,32670
10477,19187,Guoxiang,Trogemann,F,32601
11509,18/06/1954,Aleksander,Feldhoffer,M,32122
11491,13/12/1960,Maha,Matteis,M,32366
10725,22/10/1958,Garnet,Isard,M,33094
11852,17/07/1963,Zhongwei,Yurek,M,32813
11955,17/10/1964,Domenico,Eastman,M,31786
10155,21743,Adas,Nastansky,M,32994
10280,29/10/1964,Stabislas,Delgrange,M,18/03/1988
11472,18/04/1961,Constantino,Ghandeharizadeh,M,30/04/1990
11725,20548,Shahaf,Zeilberger,F,15/09/1988
11104,22437,Hein,Swan,M,20/09/1993
11164,18/01/1961,Alain,Limongiello,M,29/06/1987
11064,19275,Shawna,Vieri,X,28/02/1990
10226,28/12/1964,Xinglin,Plessier,M,27/10/1989
10788,28/06/1963,Frazer,Ullian,M,13/12/1993
10320,22/06/1956,Uinam,Stasinski,F,32213
11851,28/12/1961,Suvo,Copas,M,33333
11902,19/04/1964,Subhash,Garnham,F,21/06/1987
10274,23/08/1957,Dmitri,Pearson,F,21/04/1991
11459,14/10/1953,Duke,Suomi,M,31476
11963,19/11/1961,Kensyu,Gopalakrishnan,M,17/09/1989
11119,20339,Ramzi,Luga,F,21/06/1994
11720,21101,Abdulla,Heusch,F,24/08/1990
10569,22717,Sreenivas,Bashian,M,13/03/1987
11067,21920,Vatsa,Rousseau,F,32055
11809,17/09/1957,Anneli,Bennis,M,31384
10885,19515,Rayond,Cronau,M,19/08/1991
10B04,20/02/1964,Terresa,Benantar,M,18/04/1996
11679,23/12/1960,Bedrich,Denna,M,33270
11727,22627,Baziley,Felcyn,M,33788
10696,23/03/1952,Unal,Fendler,M,33490
11867,22138,Basim,Bhattacharjee,M,31089
11141,20/08/1957,Vasiliy,Kermarrec,F,28/12/1989
11235,13/11/1964,Larisa,Schueller,F,31/05/1988
11336,25/04/1963,Kazuhisa,Gewali,M,35921
11555,20217,Kotesh,Perfilyeva,M,14/10/1986
11829,19001,Chaosheng,Pettis,X,17/02/1999
11197,20398,Tadahiro,Fordan,M,13/04/1986
11053,30/03/1957,Sampalli,Brobst,M,33759
11750,16/08/1956,Mong,Dalphin,X,34158
10332,22412,Masanao,Bain,F,32361
11613,20608,Lijia,Marchesini,M,19/12/1986
11594,30/01/1962,Pradeep,Butner,M,28/05/1991
10947,29/09/1954,Gor,Usery,F,16/11/1995
10305,30/06/1952,Hirochika,Piancastelli,M,31/10/1988
11895,23625,Flemming,Schreiter,M,29/01/1990
10010,23017,Duangkaew,Piveteau,F,24/08/1989
10129,20132,Armond,Peir,M,31332
11105,17/12/1956,Holgard,McAlpine,M,13/01/1990
10071,21/01/1958,Hisao_,Lipner,M,31787
11329,20457,Limsoon,McConalogue,F,31813
11707,18/07/1964,Tooru,Hettesheimer,M,31970
10782,18/09/1952,Kish,Perna,F,21/10/1991
11563,21316,Teruyuki,Tetzlaff,M,32428
11363,27/04/1962,Jenwei,Milicia,M,16/03/1986
10935,22532,Morris,Famili,M,33119
11003,13/11/1960,Mariangiola,Gulla,M,24/05/1987
10599,15/10/1956,Seshu,Crelier,F,17/03/1989
10976,27/01/1963,Hitomi,Valette,F,33767
10826,19157,Arnd,Anandan,M,22/01/1993
10455,17/12/1963,Sverrir,Streng,F,14/02/1989
10198,28/05/1953,Pranav,Furedi,M,31/08/1985
11801,22/11/1953,Tommaso,Dayang,M,33002
10573,23/02/1964,Tetsushi,Speel,F,34157
10925,13/02/1960,Heng,Waterhouse,F,31511
10184,22/05/1957,Mihalis,Lowrie,M,29/10/1987
11850,23/10/1964,Bikash,Maginnis,M,33513
11191,20/10/1963,Prade3p,Crooks,M,28/04/1990
10996,20091,Matk,Rahimi,F,33056
10211,23505,Vishu,Strehl,F,18/11/1989
11808,22714,Morrie,Rosiles,F,17/05/1986
11621,23/04/1956,Ottavia,Baaleh,M,17/11/1986
10505,23469,Isamu,Auria,M,23/07/1985
10812,14/09/1957,Berthier,Menhoudj,F,32089
10939,13/07/1964,Matk,Akazan,X,32884
11564,15/02/1958,Sastry,Verspoor,M,32852
11577,19664,Mayumi,Deyuan,M,23/09/1992
11597,20366,Yongdong,Talmon,M,32875
10794,26/06/1962,Teunis,Berztiss,M,29/03/1992
11014,22/09/1959,Baoqiu,Vecchi,M,23/08/1994
11274,19945,Masanao,Nicolson,F,32730
10697,21432,Bluma,Hiltgen,M,35888
11289,20/03/1953,Chuanti,Cherinka,M,22/02/1989
10999,22383,Insup,Benveniste,F,35188
10956,20122,Arno,Picel,M,29/06/1992
11584,20/03/1956,Pradeep,Waymire,F,20/06/1985
10584,22622,Mana,Papastamatiou,M,17/02/1986
12000,21074,Claudi,Angelov,M,32843
11557,22/12/1959,Candido,Pesch,F,18/08/1998
10862,19/01/1956,Zhenbing,Kadhim,F,23/07/1985
11536,21741,Mahmut,Pintelas,F,33398
11664,27/08/1955,Oksana,Brizzi,F,33063
10819,19/02/1957,Pascal,Sooriamurthi,M,31451
11463,22075,Rajmohan,Kamber,F,17/05/1992
11770,26/08/1955,Arumugam,Jakobus,F,29/11/1992
10463,20/05/1954,Ung,Zaiane,M,25/12/1987
10339,27/08/1957,Teunis,Liedekerke,M,30/11/1989
10638,22017,Jenwei,Borovoy,M,19/05/1991
11098,19672,Arnd,Covnot,F,32908
11844,30/10/1953,Shawna,Demeyer,M,27/01/1988
11497,20/01/1957,Bodh,Brodie,F,30/04/1992
10955,24/02/1959,Urs,Danley,F,27/09/1986
11215,30/03/1959,Rimon,Sury,F,17/10/1992
11549,25/09/1961,Guoxiang,Juneja,M,31203
11521,14/06/1952,Eldridge,Eastman,F,17/10/1995
10687,25/07/1961,Leon,Kaiser,F,13/03/1990
10558,23599,Hisao,Famili,M,33028
11350,22/10/1956,Zito,Moehrke,M,21/07/1985
10912,27/07/1952,Oscal,Fasbender,M,23/04/1986
11201,20/05/1952,Jouko,Masaki,M,31/10/1995
11645,21/04/1957,Olivera,Setia,M,31326
10723,14/01/1964,Eckart,Harnett,F,26/05/1993
10256,21958,Irene,Radhakrishnan,M,31391
10412,26/02/1958,Masoud,Fabrizio,F,31568
11409,21221,Martial,Siepmann,F,23/11/1996
10916,22706,Make,Spataro,M,35071
10734,19882,Sachar,Erdi,M,31110
10839,23411,Gurbir,Katiyar,M,33368
11269,22681,Garnik,Slutz,M,22/11/1992
11265,22831,Marco,DasSarma,M,31782
11299,22434,Christfried,Tokunaga,M,27/04/1985
10349,29/04/1954,Oksana,Brodie,F,28/09/1991
11736,21/08/1953,Shugo,Uchoa,M,25/03/1990
11807,25/12/1955,Chriss,Binding,F,33915
10587,22739,Behnaam,Srimani,F,20/09/1989
10572,22199,Cordelia,Axelband,X,16/02/1988
11085,19580,Hailing,Thummel,M,27/11/1986
10363,28/11/1953,Toshiki,Muniz,X,31360
10717,27/01/1956,Serap,Tasistro,M,27/06/1987
10854,20036,Jagoda,Nannarelli,M,13/07/1998
10820,20800,Baocai,Pena,F,23/02/1986
10190,23693,Arve,Fairtlough,F,23/06/1986
10640,21439,Anneke,Meszaros,M,33706
11406,20397,Eberhardt,Gini,F,13/03/1989
11938,14/01/1954,Aruna,Verspoor,M,15/07/1994
11302,20/06/1955,Shem,Senzako,M,33245
11040,22473,Cristinel,Denna,F,22/01/1988
10301,26/08/1962,Lucien,Staudhammer,M,1988-13-23
10447,24/10/1962,Ronghao,Yavatkar,F,29/12/1988
10138,24/04/1955,Perry,Shimshoni,M,18/09/1986
11447,23/07/1961,Rasiah,Billawala,M,18/09/1985
10386,20709,Eishiro,Miyakawa,F,31086
11905,20760,Sadegh,Vural,F,30/03/1987
11623,18/03/1964,Becky,Jullig,M,32996
11711,15/06/1959,Xianlong,Kuzuoka,M,28/07/1989
10034,29/12/1962,Bader,Swan,M,21/09/1988
11911,19213,Ashish,Mondadori,M,32999
10637,20035,Heejo,Frolund,M,34280
10393,24/03/1958,Yagil,DasSarma,M,23/06/1989
11043,22374,Iara,Range,M,25/06/1993
10095,23802,Hilari,Morton,M,15/07/1986
11365,17/11/1953,Toshimi,Shinomoto,M,32177
10651,31/12/1958,Zijian,Maginnis,M,31236
10607,30/11/1964,Rosalyn,Hambrick,F,18/06/1990
11717,20765,Mona,Chaudhury,F,33155
10887,16/01/1953,Lunjin,DeMori,M,16/03/1989
10522,24/07/1955,Marke,Cesareni,F,31758
102L1,21192,Ortrud,Murillo,M,32483
10811,29/06/1954,Ashish,Fortenbacher,M,35649
10062,22323,Anoosh,Peyn,M,30/08/1991
10945,25/09/1959,Kazuhiro,Kushnir,F,32970
11849,21341,Chenye,Homond,M,27/08/1991
11056,24/10/1955,Palash,Speel,F,19/08/1992
11738,13/12/1954,Tadahiro,Lichtman,M,19/06/1986
10061,19/10/1962,Tse,Herber,M,17/09/1985
10338,22617,Heon,Ranai,M,32151
10220,25/05/1958,Kish,Fasbender,F,25/06/1992
10364,21/09/1954,Nakhoon,Dengi,M,14/11/1985
10731,17/11/1952,Fumitaka,Peak,M,20/02/1987
10525,29/03/1963,Yuchang,Lunt,M,33092
10801,19482,Uinam,Zschoche,M,27/06/1994
11740,21/05/1962,Isaac,Pero,M,31480
11189,19543,Dante,Bodoff,F,33428
10207,28/05/1955,Girolamo,Anandan,F,33918
11841,21/04/1955,Elvia,Bugrara,M,33794
11992,17/01/1958,Shahid,Ranai,M,32182
11540,26/01/1954,Chanjung,Portugali,M,34214
10281,13/05/1953,Moty,Kusakari,M,34405
11287,16/08/1963,Sreenivas,Farrag,M,32119
10907,26/09/1963,JiYoung,Luks,M,25/12/1988
10664,22683,Xumin,Peck,M,24/12/1989
10396,21/08/1955,Sibyl,Rahier,M,31717
11379,14/10/1961,Guiseppe,Chenoweth,M,24/06/1994
10268,21250,Nishit,Siochi,M,17/12/1986
11131,18/02/1964,Weiye,Zambonelli,M,34157
10436,17/06/1963,Yahiko,Lammel,M,30/01/1988
11769,17/07/1953,Chandrasekaran,Lampe,M,15/02/1988
10107,13/06/1956,Dung,Baca,F,22/03/1994
11005,21522,Byong,Douceur,F,27/07/1986
10757,22586,Florina,Simkin,M,31564
11796,24/05/1963,Sachem,Egerstedt,M,23/01/1989
11471,24/03/1961,Subhada,Champarnaud,F,26/04/1987
10453,19/07/1953,Tsvetan,Matzel,F,31082
11254,14/12/1954,Danel,Rindone,X,19/12/1998
10577,20/09/1957,Ennio,Schmiedel,M,18/08/1990
11783,19/06/1959,Mihalis,Macedo,F,14/07/1994
10333,27/04/1953,Snehasis,Dymetman,M,16/01/1993
10565,22412,Yishay,Harnett,M,33848
11784,15/01/1958,Sastry,Bael,M,34892
11935,23/03/1963,Aamer,Jayawardene,M,26/10/1996
10476,23743,Kokou,Iisaka,M,20/09/1987
11887,25/05/1957,Marke,Kragelund,M,17/10/1994
11984,22742,Vasilii,Luit,F,15/02/1990
10547,23350,Snehasis,Brobst,M,14/02/1988
10580,28/05/1956,Christoper,Rehfuss,M,32090
10426,28/12/1955,Arunas,Luce,N,31205
10191,21766,Zdislav,Nastansky,M,31689
11415,29/10/1953,Sanjiv,Anido,M,31839
11896,14/06/1953,Shaunak,Benzmuller,M,32970
10101,15/04/1952,Perla,Heyers,F,28/12/1992
10550,21617,Manton,Leuchs,M,31108
11682,13/03/1963,Dante,Zumaque,M,27/11/1986
11576,20/06/1961,Lakshmi,Demizu,M,25/11/1986
10495,24/05/1961,Anyuan,Zhiwei,F,29/09/1985
10400,16/12/1961,Ortrud,Nitto,M,17/10/1993
11579,22652,Jinxi,Merel,F,25/04/1988
10847,19087,Theirry,Danley,M,25/07/1986
10841,14/10/1961,Pranav,Lieberherr,M,21/04/1990
11919,20/01/1959,Hyuncheol,Hedayat,F,28/10/1990
10688,28/02/1964,Xiaopeng,Lanphier,F,25/03/1985
10751,19036,Jordanka,Ushiama,M,15/04/1987
11239,27/02/1957,Gurbir,Kenevan,X,25/06/1985
11785,15/12/1960,Hongzhu,Kalsbeek,M,19/02/1987
10520,23531,Jenwei,Ecklund,M,27/03/1994
11995,30/01/1962,Lenore,Comyn,M,26/07/1986
11933,15/08/1953,Basil,Erman,M,13/06/1987
11117,29/06/1958,Bluma,Kavvadias,M,22/08/1944
10701,30/09/1961,Hyuncheol,Zolotykh,M,27/10/1986
10707,20916,Moty,Trystram,M,24/12/1990
10616,21310,Tommaso,Marwedel,F,32419
10597,22467,Lucien,Schaad,F,32877
10435,21164,Marsha,Tagansky,M,19/12/1986
11355,22989,Shim,Gecsei,M,29/11/1993
10590,23021,Yongqiao,Kalloufi,M,31659
11488,18/11/1962,Houman,Veldwijk,M,25/08/1987
10620,23/11/1959,Marit,Veeraraghavan,M,33157
10033,14/11/1956,Arif,Merlo,M,18/03/1987
11083,19974,Shimshon,Ducloy,M,27/11/1989
11128,16/06/1956,Shunichi,Pusterhofer,F,32243
11314,28/12/1958,Vasiliy,Jenevein,F,33150
10816,24/02/1958,Morris,Caine,F,27/06/1989
11988,19640,Chinya,Chinin,F,31117
11416,18/12/1957,Zijian,Oxman,M,21/09/1987
11702,22/01/1956,Radhia,Kriebel,X,18/09/1988
11012,19702,Taegyun,Speckmann,F,28/12/1986
11868,19758,Kwee,Demke,M,32732
11073,28/05/1959,Yuriy,Clemencon,M,18/08/1986
11151,27/06/1958,Gor,Reinhard,M,20/03/1985
11854,21856,Fabrizio,Gire,F,30/06/1992
10143,16/07/1961,Sakthirel,Bakhtari,M,30/09/1988
10622,15/09/1959,Turgut,Narlikar,M,28/01/1989
10893,30/01/1960,Danil,Kropatsch,M,23/08/1989
11724,22073,Falguni,Hammerschmidt,F,31115
10626,26/06/1957,Danil,Deverell,M,35136
11370,21/12/1956,Marek,Erie,M,22/08/1989
10445,21094,Junichi,Kavanagh,X,31878
10533,25/06/1963,Mohamadou,Smailagic,F,31/10/1986
11103,22201,Sanjai,Penttonen,M,15/03/1989
10765,24/02/1961,Goetz,Norsworthy,M,34520
11152,13/11/1962,Georgy,Walstra,F,18/02/1988
10004,19729,Chirstian,Koblick,M,31424
10315,20522,Maris,Angelopoulos,M,28/08/1987
11440,23570,Lubomir,Jahnichen,X,31939
10653,16/06/1953,Otmar,Feinberg,M,30/04/1987
11223,21469,Weicheng,Crelier,M,16/05/1985
11218,19424,Kirk,Hemaspaandra,M,34489
11519,26/11/1954,Halsur,Chinen,F,32762
11654,22377,Jianhui,Zwicker,M,24/12/1988
10519,28/12/1955,Yonghoan,Alencar,F,22/03/1986
10905,30/04/1961,Jianhui,Aloia,M,28/02/1985
10409,28/08/1958,Mario,Straney,M,35680
11327,20/07/1959,Irena,Krohm,M,32909
10842,29/08/1961,Berni,Sanella,F,14/07/1986
10442,20341,Volkmar,Unno,M,13/03/1988
10131,19/02/1952,Magdalena,Eldridge,M,17/11/1994
10007,23/05/1957,Tzvetan,Zielinski,F,32783
11616,20065,Zhilian,Brendel,F,15/01/1991
10027,22926,Divier,Reistad,F,32696
11624,16/05/1955,Adil,Gammage,X,32267
11294,20034,Tru,Segond,F,13/06/1989
11916,15/03/1956,Fatemeh,Redmiles,M,22/07/1988
11412,25/02/1963,Werner,Demeyer,M,31995
10618,23078,Ranga,Yeung,F,27/11/1988
10011,19551,Mary,Sluis,F,22/01/1990
10962,23/08/1956,Naraig,Kugler,F,16/12/1986
11248,20678,Uinam,Tsukuda,M,35491
11340,19096,Aris,Bala,M,33551
11723,22/12/1962,Halsur,Bauknecht,F,26/09/1992
11756,24/02/1955,Abdelwaheb,Vakili,M,17/10/1996
10643,25/07/1957,Slavian,Keirsey,M,32092
10366,25/01/1960,Morrie,Piazza,M,34642
10064,21735,Udi,Jansch,M,20/11/1985
10236,26/03/1960,Susumu,Bade,F,30/08/1996
11652,20/10/1964,Jeanne,Beutelspacher,F,32330
10397,20404,Irena,Reutenauer,M,21/05/1993
11278,15/12/1956,Sumali,Juneja,M,22/04/1986
10882,19370,Fun,Heuser,M,29/11/1994
10806,17/10/1958,Giap,Matzel,M,25/04/1993
10570,30/10/1958,Alassane,Morrin,M,31172
11748,19543,Lihong,Massonet,M,20/12/1992
11405,22/09/1960,Clyde,Kobuchi,F,14/04/1993
11701,15/05/1960,Doowon,Ermel,X,32791
10871,24/10/1952,Aram,Gilg,M,15/02/1989
10308,14/03/1961,Dzung,Holburn,F,29/12/1992
11607,19430,Tomokazu,Foong,F,32120
10036,21831,Adamantios,Portugali,M,33664
11830,20466,Maya,Snedden,F,15/07/1986
10273,29/08/1962,Baocai,Lieblein,M,31209
11494,27/07/1959,Neelam,Kabayashi,X,14/02/1991
11706,17/06/1961,Tesuya,Remmers,X,35097
11288,23/03/1953,Domenico,Eastman,F,22/01/1989
11751,19392,Jiafu,Emiris,M,32213
10060,15/10/1961,Breannda,Billingsley,M,31819
10017,21343,Cristinel,Bouloucos,F,34036
11715,21774,Arnd,Albarhamtoshy,F,32815
10733,22801,Sangeeta,Rodham,F,20/02/1996
11482,16/10/1964,Uri,Deverell,F,33301
11825,22627,Theirry,Kuzuoka,F,31813
11445,23043,Lijie,Denny,M,25/04/1997
11562,22/06/1953,Rimli,Alencar,M,30/06/1988
10950,21378,Sushant,Staylopatis,M,35283
11550,27/08/1962,Divine,Georgakopoulos,M,16/12/1997
11969,27/08/1957,Sibyl,Lorcy,M,27/09/1994
11386,27/09/1954,Alselm,Assaf,F,30/11/1987
11206,14/07/1954,Steen,Sury,X,34155
11669,20882,Leah,Anguita,M,31597
10277,15/08/1964,Isaac,Schwartzbauer,M,16/06/1985
10493,22981,Maris,Haraldson,M,16/05/1992
11804,1258-02-28,Bikash,Rusterholz,M,16/09/1986
11413,22530,Yannik,Murillo,M,31872
10379,20854,Mikhail,Rosis,M,15/07/1996
11691,21763,Pragnesh,Borovoy,M,32602
10975,27/07/1962,Peternela,Birnbaum,F,31/10/1986
11502,24/03/1959,Zhaofang,Cochrane,X,33334
10166,19637,Samphel,Siegrist,F,33970
11878,22077,Oldrich,Henders,F,20/03/1990
10456,24/01/1963,Stepehn,Hardjono,F,25/12/1995
11789,22985,Udi,Khasidashvili,M,18/08/1989
10993,17/11/1958,Arve,Erde,F,29/05/1992
10518,23/05/1963,Marin,Lanphier,M,34037
11681,15/05/1952,Fumitake,Benzmuller,F,21/01/1987
10650,21797,Hongzhu,Chepyzhov,M,33704
11690,19643,Domenick,Raczkowsky,M,23/09/1997
10534,23/10/1964,Dinah,Bahl,M,15/01/1989
11622,14/10/1962,Moon,Ginneken,M,33127
10078,25/12/1959,Danel,Mondadori,F,26/05/1987
11110,20405,Valeska,Birjandi,F,14/11/1987
10042,26/02/1956,Magy,Stamatiou,F,21/03/1993
11501,26/03/1952,Karsten,Ranum,F,14/12/1988
10163,17/09/1952,Karsten,Szmurlo,M,19/07/1989
11084,20155,Greger,Senzako,M,31/05/1990
11378,30/07/1959,Masamitsu,Katiyar,F,31472
10764,19694,Yunming,Beetstra,F,27/11/1989
11614,23540,Moni,Peha,M,31627
10271,24/04/1962,Sham,Eastman,M,23/05/1986
11977,20607,Chandrasekaran,Dayang,F,30/05/1989
10247,30/06/1964,Heon,Riefers,F,14/08/1992
11403,22992,Baocai,Soicher,X,32575
10126,19913,Kayoko,Valtorta,M,31268
10649,25/03/1956,Vitali,Welham,M,35712
10494,21/12/1953,Yakkov,Servieres,F,18/01/1986
10174,15/05/1959,Badri,Furudate,M,31783
10760,27/05/1963,Phillip,Dratva,M,15/06/1994
11337,31/07/1964,Hercules,Brendel,F,20/11/1994
11968,13/08/1964,Mitchel,Dayang,M,15/02/1993
11865,21033,Kasturi,Rodham,M,24/05/1994
10343,19735,Dinah,Syrzycki,M,14/10/1993
11339,19850,Flemming,Massonet,M,32025
10949,14/08/1953,Shigeichiro,Wroclawski,F,13/03/1990
10009,19/04/1952,Sumant,Peac,F,18/02/1985
10290,29/05/1957,Yongmao,Pleszkun,M,18/09/1991
10089,21/03/1963,Sudharsan,Flasterstein,F,31754
10866,13/12/1959,Fayez,Yeung,F,27/12/1990
11373,29/07/1953,Yongmao,Keohane,F,28/10/1989
11822,30/08/1954,Sastry,Madeira,F,26/05/1989
11877,15/06/1953,Heng,Sudkamp,F,27/01/1994
10229,19269,Ulises,Takanami,M,22/11/1987
10085,22838,Kenroku,Malabarba,X,34581
11281,14/01/1959,Vincent,Brookner,M,32204
11731,22466,Fumitaka,Gargeya,M,23/12/1993
10967,22656,Eran,Adachi,M,33977
10940,19541,Aleksander,Fioravanti,F,34377
11006,26/12/1962,Christoper,Butterworth,F,32547
11909,23/11/1956,Yuichiro,Kobuchi,M,13/02/1987
10054,20914,Mayumi,Schueller,M,13/03/1995
11002,26/02/1952,Bluma,Ulupinar,M,23/12/1996
10636,25/08/1955,Saeko,Porotnikoff,F,16/11/1994
11928,21559,Mang,Wroclawski,M,24/06/1992
10762,19/01/1965,Lech,Himler,M,21/01/1992
11106,23/02/1955,Aris,Iwayama,F,31/08/1985
10559,18/01/1956,Arumugam,Comellas,F,32295
11321,25/06/1959,Heping,Fontan,M,18/03/1995
10539,13/05/1959,Yucel,Reinhard,M,32999
10535,19/05/1961,Shalesh,Stroustrup,F,21/02/1985
10388,29/03/1953,Hironoby,Kaiser,M,24/03/1996
10334,21220,Falguni,Erie,M,28/12/1996
10462,20671,Sumali,Schlenzig,M,25/03/1996
11779,19181,Shunichi,Thombley,X,33029
10708,21588,Aral,Erman,M,18/05/1996
10791,27/05/1954,Tadahiko,Sgarro,M,30/07/1988
11351,20821,Kristina,Vasanthakumar,F,20/11/1998
11483,30/01/1959,Zine,Mateescu,M,34012
10172,25/03/1957,Shigeu,Matzen,F,13/10/1995
11062,20647,Shay,Rettelbach,F,18/10/1990
11017,23/11/1959,Jovan,Sanella,F,28/07/1992
10433,19764,Reuven,Dengi,M,14/02/1989
10091,20189,Amabile,Gomatam,M,18/11/1992
11393,17/05/1954,Junsik,Junot,M,30/04/1985
11443,30/05/1962,Szabolcs,Nivat,M,15/08/1989
10712,19332,Uma,Koprowski,F,18/08/1994
10689,13/09/1958,Satoru,Otillio,M,32271
10394,22/05/1957,Shawna,Meriste,M,14/03/1991
10434,17/07/1959,Dzung,Peltason,F,27/06/1995
11993,29/10/1955,Marit,Dalphin,M,25/06/1986
10284,19940,Masali,Murrill,F,35468
11150,13/05/1956,Geraldo,Garigliano,F,32513
10203,27/07/1955,Steen,Escriba,M,32663
10499,19459,Maik,Luft,X,23/11/1989
10319,23257,Mechthild,Miyakawa,M,15/08/1985
10376,21886,Fai,Bale,X,14/01/1989
10883,30/07/1952,Shimshon,Champarnaud,M,31969
10571,23296,Fun,Varman,M,24/02/1985
11155,22504,Moon,Yetto,F,33094
10048,23322,Florian,Syrotiuk,M,24/02/1985
11078,21835,Beshir,Chenoweth,M,33055
10102,21651,Paraskevi,Luby,F,26/01/1994
11354,20831,Tianruo,Stasinski,-,23/06/1987
10774,21254,Jacqueline,Masand,M,26/01/1990
10680,22960,Kish,Honglei,M,20/06/1986
11586,23050,Shridhar,Orsini,M,35682
11255,25/11/1957,Ortrud,Karunanithi,F,31634
10454,22/01/1961,Wonhee,Badr,M,32054
11931,30/10/1952,Gunilla,Chiodo,F,32212
10694,16/12/1955,Rildo,Straney,M,26/01/1988
11283,25/02/1964,Shmuel,Codenie,X,30/06/1987
11375,13/08/1960,Dmitri,Noriega,P,27/05/1985
11671,18/08/1957,Pranjal,Babu,F,31/12/1986
11954,21587,Hidde,Krupka,M,32454
11853,19/06/1952,Zeljko,Kusakabe,F,17/11/1988
11194,18/10/1957,Giap,Tempesti,M,25/10/1987
11666,21830,Uno,Chimia,M,21/02/1985
11228,26/12/1956,Utz,Puoti,F,19/03/1987
11418,21/03/1954,Satosi,Cooley,X,27/07/1991
11884,23288,Patricia,Moehrke,M,18/06/1998
11546,22/12/1964,Duro,Vuskovic,M,30/06/1987
10443,19065,Shichao,Litvinov,F,32516
10930,13/01/1954,Arch,Minakawa,M,33124
11730,20/08/1959,Tzu,Delaune,M,35713
10427,13/08/1958,Khosrow,Sudbeck,F,33249
11574,22109,Candida,Tyugu,M,15/06/1988
11496,20/08/1963,Toshimo,Marakhovsky,F,31516
11446,20/06/1954,Naftali,Narahara,M,32753
11700,21553,Makato,Delgrossi,F,18/09/1988
10575,29/06/1954,Theirry,Yeung,M,32243
11580,20579,Chanjung,Tanemo,M,31205
10827,25/09/1953,Willard,Danley,M,35257
10039,21560,Alejandro,Brender,M,19/01/1988
10204,20710,Nevio,Ritcey,F,31514
10543,22807,Lein,Lichtman,M,16/10/1998
10324,29/12/1957,Bernardo,Rouquie,F,19/03/1988
11547,30/03/1960,Kyoichi,Flexer,X,18/01/1991
11182,29/10/1962,Tze,Steinauer,M,31/08/1987
11271,21559,Hidde,Rajaraman,F,16/01/1987
10357,23651,Hausi,Sidhu,M,34428
11058,24/04/1962,Shigeaki,Cyre,M,31234
10735,23720,Morrie,Gewali,M,29/10/1985
11468,20132,Navin,Maksimenko,F,19/03/1996
10797,20555,Goetz,Hiyoshi,F,21/08/1988
10264,21406,Nalini,Kawashimo,F,16/07/1997
11889,20765,Guiseppe,Baez,M,25/12/1996
10544,22648,Ishfaq,Krzyzanowski,F,29/04/1995
10813,19821,Shalesh,Shumilov,M,27/04/1990
10259,24/11/1964,Susanna,Vesel,M,25/06/1986
10681,25/12/1964,Florina,Garnier,M,25/10/1992
10985,31/05/1952,Chiradeep,Furedi,F,33158
10562,17/04/1963,Shuky,Pearson,M,35223
11232,20157,Hidefumi,Crelier,M,32175
10327,19728,Roded,Facello,M,18/09/1987
11477,15/05/1955,Fox,Narahari,M,31329
10908,27/11/1961,Rajmohan,Koblick,M,31269
11262,24/12/1962,Bokyung,Melski,M,30/04/1994
11402,21065,Freyja,Brizzi,M,31323
10508,22683,Kotesh,Liedekerke,M,33243
10497,19608,Pramod,Rabehasaina,M,22/01/1992
10498,15/09/1964,Valter,Cappelletti,F,32144
11227,31/01/1956,Dayanand,Figueira,M,31262
10870,23/07/1956,Shahid,Leppanen,F,13/01/1988
11011,13/06/1956,Moti,Hofstetter,M,32670
10506,21346,Kazuhisa,Kroll,F,35076
10133,23357,Giri,Isaak,M,15/12/1985
10162,20950,Florina,Eugenio,M,33243
11230,28/12/1956,Yakichi,Tzvieli,M,33036
11948,21/02/1952,Yahiko,Nergos,F,33208
10311,24/11/1958,Hsiangchu,Molenkamp,F,33242
11859,31/07/1959,Ipke,Muhlberg,M,32145
10586,23/06/1954,Kirk,Vuskovic,M,33696
10223,17/09/1963,Carrsten,Schmiedel,F,18/11/1985
10874,18/01/1958,Mahmut,Borstler,M,22/04/1986
10964,22681,Takushi,Bolsens,F,33187
11449,30/03/1955,Kotesh,Asser,M,27/08/1986
11089,18/02/1955,Conal,Henders,F,13/08/1994
11275,18/10/1955,Hitomi,Eppinger,F,26/05/1987
10748,23715,Yuchang,Francisci,F,14/08/1990
11797,20066,Chenxi,Thambidurai,M,30/08/1988
11620,24/02/1962,Kwangho,Gadepally,M,16/10/1985
11016,25/05/1957,Sibyl,Rajaraman,M,32424
10093,23687,Sailaja,Desikan,M,35196
11983,19450,Jaana,Hedayat,X,31726
11434,14/09/1956,Prodip,Brendel,M,18/10/1992
10065,14/04/1963,Satosi,Awdeh,M,18/05/1988
10337,21105,Jeong,Sadowsky,M,34858
10977,19/03/1957,Toong,Murrill,M,32058
11699,17/12/1958,Fumiya,Desikan,M,20/01/1994
11823,25/09/1954,Weiyi,Iacovou,M,23/10/1995
10753,30/09/1958,Pradeep,Harbusch,F,17/05/1985
10371,21825,Ioana,Kirkerud,M,28/11/1989
11572,20826,Vidya,Quittner,M,28/02/1985
10029,13/12/1956,Otmar,Herbst,M,20/11/1985
10430,30/06/1958,Ferdinand,Chenney,M,16/11/1990
11903,22313,Aiichiro,Vilarrasa,M,33128
10487,23/08/1956,Perla,Middleton,F,14/08/1992
11177,19971,Chrisa,dAstous,M,35919
10958,21377,Huican,Katalagarianos,M,27/11/1988
11457,21703,Marl,Vesna,M,33513
11568,20101,Martins,Fujisaki,M,28/07/1987
10257,21163,Aiman,Riexinger,M,31540
10876,20217,Vincent,Papastamatiou,F,29/01/1995
10185,21682,Duro,Sidhu,F,31415
11272,23/12/1961,Frederique,Molenkamp,M,31904
11778,23/04/1953,Dhritiman,Fontan,F,28/12/1992
10660,23437,Jouko,Kolinko,X,32485
11803,21105,Arnd,Perko,F,25/03/1993
11918,18/02/1956,Mayuri,Pollacia,F,19/03/1987
10838,19/10/1957,Deniz,Ramras,X,33181
11414,19214,Eishiro,Pearson,X,32540
10452,24/11/1956,Werner,Hasham,M,32272
10776,27/01/1958,Mahmut,Skafidas,F,16/03/1986
10372,19210,Anneli,Frijda,F,30/07/1985
11122,23719,Aleksandar,Randi,F,34191
11140,30/04/1957,Elgin,Gihr,M,34066
11499,20858,Peternela,Chartres,F,32723
11697,20/12/1957,JoAnne,Merey,F,36322
10258,20435,Basil,Ishibashi,X,17/05/1985
10576,23/08/1957,Xiaoqiu,Krychniak,M,17/05/1988
10245,23/08/1962,Ramalingam,Gente,F,26/04/1985
10022,19213,Shahaf,Famili,M,22/08/1995
10147,13/10/1964,Kazuhito,Encarnacion,W,1986-08-21,
11059,26/05/1962,Shawna,Jarecki,F,17/11/1986
11742,15/03/1957,Vasilis,Narwekar,F,35403
10641,24/12/1953,Guozhong,Zucker,X,21/03/1993
11729,21158,Xiong,Engberts,M,20/05/1993
10742,13/03/1955,Shim,Wiegley,M,33298
10530,19/07/1956,Boriana,Coors,F,23/09/1987
11668,23/11/1957,Hiroyasu,Wursthorn,M,30/10/1985
10741,19756,Sven,Huttel,F,32660
10591,22/12/1952,Hidde,Hettesheimer,F,18/06/1987
10710,25/12/1962,Sorina,Kermarrec,M,33878
11747,27/11/1953,Aksel,Kossowski,M,20/02/1986
11767,24/01/1960,Ortrud,Kusakabe,M,24/06/1985
11331,15/10/1959,Kasturi,Fraisse,F,31839
10703,13/06/1958,Giri,Baumann,F,35404
11573,18/12/1952,Pranas,Hutton,F,32965
10873,19244,Sukumar,Wegerle,M,23/03/1994
10318,27/08/1958,Mototsugu,Beilner,F,29/06/1985
10199,21735,Kazuhisa,Ranta,M,29/04/1997
11845,28/08/1957,Lein,Validov,F,23/07/1991
11366,15/01/1961,Yinlin,Rajaraman,M,34214
10678,21/08/1958,Chriss,Gide,F,31816
11400,28/11/1962,Sverrir,Walstra,M,32753
10188,13/07/1956,Christ,Muchinsky,F,27/08/1987
11818,22135,Dmitry,Matteis,M,14/08/1987
11454,22470,Yolla,Zedlitz,M,32905
10848,16/07/1954,Fen,Bratsberg,F,20/04/1985
11998,21432,Conal,Juneja,M,16/12/1991
11810,19218,Amabile,Bhattacharjee,M,17/03/1987
11136,23382,Gladys,Luiz,M,31504
10325,19694,Arunachalam,Badr,M,20/09/1990
10139,23073,Ewing,Foong,F,15/03/1998
10218,21378,Zhenhua,Magalhaes,M,15/01/1997
11216,22/02/1963,Utz,Perng,M,33548
11506,16/06/1955,Rance,Picel,F,31419
10194,29/01/1954,Josyula,Hofmeyr,F,15/05/1989
11962,17/03/1959,Niranjan,Erde,F,30/10/1988
10482,17/07/1961,Goa,Pleszkun,F,20/07/1991
10367,24/12/1955,Hyuckchul,Gini,M,24/06/1991
11986,23346,Reinhard,Azuma,M,33397
10244,24/10/1961,Foong,Flasterstein,M,23/12/1985
11004,19852,JoAnna,Decleir,F,19/01/1992
10831,19673,Toong,Driscoll,X,21/06/1996
10700,30/11/1962,Angel,Mondadori,M,31812
10625,21399,Leszek,Petereit,F,31/10/1985
11882,22168,Zhonghua,Manders,F,18/09/1991
10227,20917,Anneli,Kaiser,M,24/04/1994
11295,19420,Abdelkader,Lanzelotte,M,15/05/1985
11952,20763,Mayuko,Munro,F,19/12/1995
10051,28/07/1953,Hidefumi,Caine,M,15/10/1992
10446,22130,Ebru,Chepyzhov,X,17/11/1994
10987,26/11/1952,Flemming,Baezner,M,19/12/1995
10038,20/07/1960,Huan,Lortz,M,20/09/1989
10314,22376,Christfried,Apsitis,X,16/01/1986
10413,19119,Danel,Impagliazzo,F,26/03/1990
11656,23224,Aimee,Muniz,F,33880
10302,20038,Faiza,Baer,F,22/07/1986
11348,26/04/1962,Vishu,Kroll,F,17/05/1988
10117,24/10/1961,Kiyotoshi,Blokdijk,F,28/05/1990
10176,24/01/1957,Brendon,Lenart,F,22/12/1994
10659,20710,Dinah,Shackel,F,20/09/1991
11022,23409,Apostol,Pintelas,F,32150
10500,29/04/1957,Vojin,Narwekar,M,16/12/1996
11632,15/01/1956,Baoqiu,Bach,X,29/12/1990
10281,13/05/1953,Moty,Kusakari,M,34405
11332,26/02/1956,Gunilla,Coney,M,27/09/1989
10662,17/10/1959,Arto,Serra,F,28/09/1986
10647,22251,Tesuro,Bahk,M,28/09/1995
10763,15/04/1962,Giap,Bolsens,M,23/02/1987
11130,17/01/1953,Xinyu,Menhoudj,M,34156
10966,22743,Danel,Pardalos,M,32700
10598,21104,Margo,Gronowski,M,31/03/1989
11421,19551,Josyula,Msuda,F,31452
10917,20733,Tesuya,Slaats,F,31848
11994,19665,Sigeru,Fiebach,Z,34284
10566,30/01/1958,Jianhui,Zuberek,F,19/03/1988
11407,22951,Thanasis,Thebaut,M,33394
11498,21/07/1957,Shigenori,Rabehasaina,M,19/01/1994
11589,20363,Gina,Plessier,F,23/02/1994
10984,22930,Pranjal,Billawala,F,32393
11638,28/04/1964,JoAnne,Falco,M,30/03/1986
11713,27/02/1952,Danel,Heusch,M,34434
11950,18/03/1959,Horward,Cichocki,F,23/10/1987
11208,29/05/1952,Saniya,Valtorta,F,26/08/1988
10850,23012,Florina,Schapire,F,22/04/1990
10834,16/12/1954,Huiqun,Rajcani,M,24/11/1990
11347,27/12/1954,Anneli,Jonsson,M,20/04/1986
10450,21681,Khun,Harbusch,M,17/01/1990
11264,15/03/1964,Uma,Oehlmann,F,31665
11603,19917,Herb,Swen,F,13/04/1985
11092,28/09/1954,Narain,Stamatiou,M,30/03/1992
10293,24/11/1956,Mihalis,Avouris,F,33950
10879,18/08/1953,Muzhong,Chleq,F,15/08/1985
11359,21282,Subhrajyoti,Jayawardene,F,14/08/1989
11313,21/06/1962,Paraskevi,Kusalik,M,28/02/1986
10286,14/05/1952,Saddek,Gopalakrishnan,F,21/03/1988
11297,19/03/1954,Geraldo,Levergood,M,32975
11199,14/10/1957,Ortrud,Srimani,F,32544
11771,22134,Arvin,Roisin,M,22/11/1988
11976,22221,Jacqueline,Barvinok,F,31634
10972,22411,Fumiko,Asser,F,31934
10471,30/11/1963,Jouko,Yamaashi,M,18/11/1990
10374,20311,Willard,Rosin,X,34193
11991,15/10/1961,Qunsheng,Esteva,M,29/09/1985
10579,17/07/1958,Aiman,Stentiford,M,31056
11020,18/03/1957,Weiwu,Encarnacion,M,25/03/1988
11926,20244,Leni,Felcyn,F,18/09/1998
10822,20493,Masaru,Passino,F,31717
10509,19428,Abdelwaheb,Riesenhuber,F,23/02/1990
10592,23384,Almudena,Alvarado,M,32999
10353,15/01/1953,Phule,Hammerschmidt,M,24/08/1989
11626,31/01/1958,Shim,Ducloy,M,32057
11163,17/11/1957,Djenana,Huttel,M,24/02/1993
10448,23296,Phule,Oxenboll,F,33941
11885,20/05/1962,Sandeepan,Velasco,M,33149
10971,20303,Isamu,Vadhan,M,30/07/1991
10214,14/04/1962,Tadahiko,Ciolek,M,29/02/1988
11388,21252,Rosine,Gerteisen,M,20/12/1985
11300,14/12/1952,Lillian,Fontet,M,33886
10574,22231,Salvador,Olano,F,16/02/1990
10178,13/03/1963,Valery,Litvinov,M,31603
11782,22681,Tesuro,Lanzelotte,M,33240
11487,23322,Arumugam,Cairo,M,34219
10317,25/12/1957,Arie,Birge,M,31697
10670,23/04/1962,Shunichi,McAffer,M,23/03/1988
11307,23234,Mohd,Dratva,M,24/03/1986
11592,21/09/1956,Hilary,Nishimukai,M,14/12/1991
10983,22532,Somnath,Parascandalo,F,22/02/1988
10352,28/01/1960,Erzsebet,Ohori,M,21/01/1996
11791,20281,Gal,Mamelak,F,15/11/1994
11806,26/01/1962,Shan,Leivant,M,35099
10092,18/10/1964,Valdiodio,Niizuma,F,22/09/1989
11833,23081,Yolla,Levasseur,F,20/09/1985
10173,28/10/1962,Shrikanth,Mahmud,M,21/03/1992
10954,16/11/1964,Ranga,Burnard,F,33062
10222,21/09/1962,Tze,Nourani,M,31630
10410,19/01/1965,Takahito,Gecsei,F,16/10/1993
10368,25/03/1956,Hatim,Koshiba,M,33362
11052,16/03/1960,Parto,Hitomi,F,32458
11196,13/05/1958,Gennadi,Breugel,M,17/11/1992
10384,22/08/1956,Feiyu,Luft,M,16/01/1986
10358,19575,Qunsheng,Tagansky,X,19/02/1991
10312,18/06/1957,Rasiah,Deyuan,F,28/08/1986
10046,23/07/1960,Lucien,Rosenbaum,M,20/06/1992
11153,57-02-01,Honglan,Simmen,M,90-02-13
11689,23/10/1957,Jixiang,Thisen,F,26/12/1986
10704,22132,Yolla,Kropatsch,M,32362
11099,21526,Woody,Spataro,M,31/12/1985
10153,15/12/1955,Heekeun,Majewski,M,31993
10116,26/08/1955,Dayanand,Czap,F,28/05/1985
10021,20/02/1960,Ramzi,Erde,M,32418
11319,20215,Pranas,Marrakchi,F,31481
11284,25/03/1961,Bernice,Felcyn,M,25/04/1985
10880,22952,Weiye,Nitsche,M,20/04/1986
11451,20214,Eben,Rajaraman,M,20/05/1990
10408,17/03/1964,Martijn,Kaiser,M,35986
10969,19853,Premal,Noriega,M,22/08/1988
11898,29/10/1964,Jinya,Piveteau,M,24/04/1988
11684,19543,Oksana,Gide,F,21/02/1986
10855,21009,Kwangho,Reinhart,M,33366
10589,25/09/1958,Subbu,Sanella,M,26/01/1994
11127,26/08/1956,Mayumi,Pashtan,M,33575
10736,22896,Gurbir,Hellwagner,F,26/09/1991
10068,26/11/1962,Charlene,Brattka,M,31966
10913,19062,Narain,Thummel,M,25/06/1992
11467,21/11/1958,Seshu,Bazelow,F,16/06/1947
11063,19/10/1958,Zhenbing,Gente,F,35309
10836,15/07/1953,Jianhua,Leivant,F,26/07/1985
10631,17/05/1955,Inderjeet,Chaudhuri,M,16/02/1988
11799A,25/03/1964,Duro,Silva,M,31474
11722,21040,Atreyi,Sudbeck,X,18/12/1997
11076,15/05/1963,Youssef,Schaad,M,33857
10952,26/08/1958,Inderjeet,Bharadwaj,M,22/07/1986
10336,16/07/1961,Goa,Rothe,F,33786
10675,26/03/1960,Ymte,Waschkowski,F,33369
10858,19003,Kenroku,Gonthier,M,15/08/1996
11144,19917,Carrsten,Heinisuo,M,18/11/1993
11077,28/01/1953,Hideyuki,Merro,F,34982
11046,17/01/1961,Jixiang,Verhaegen,F,21/01/1994
11387,18/07/1954,Jordanka,Kalloufi,M,35739
10067,19541,Claudi,Stavenow,M,31870
10556,31/12/1962,JoAnna,Taubman,F,15/04/1992
10013,23198,Eberhardt,Terkki,M,20/10/1985
11404,15/09/1954,Bedrich,Borovoy,M,31931
10411,20735,Lidong,Klerer,F,32548
11160,20583,Anwar,Nivat,F,31963
11236,27/01/1963,Marek,Orlowska,M,24/03/1994
10467,30/01/1956,Dipayan,Suomi,F,14/07/1988
10291,23/01/1965,Dipayan,Seghrouchni,M,29/09/1986
10192,16/09/1960,Mohua,Falck,M,13/06/1988
10503,17/05/1952,Dannz,Pell,M,30/04/1991
11634,19/02/1961,Turgut,Fraisse,M,25/08/1994
10823,13/06/1956,Arfst,Mikschl,X,34731
11180,19186,Mitsuyuki,Bojadziev,F,31722
11219,20/05/1956,Youpyo,Heuter,M,33451
11419,19/07/1957,Leaf,Terkki&,M,13/04/1996
10347,19428,Pradeep,Kaminger,M,31393
11257,19/06/1958,Weidon,Pews,F,31758
11107,19/06/1958,Martijn,Meriste,F,35831
10451,19155,Bodh,Ranta,F,32480
11123,21/10/1956,Herb,Cooley,F,28/03/1988
10516,20/02/1960,Xiadong,Luga,M,19/10/1985
10475,19/12/1956,Mario,Rodite,M,19/01/1987
10313,30/05/1962,Subbu,Riexinger,M,34617
11317,24/07/1954,Shigeaki,Hagimont,X,21/12/1989
11630,21/03/1960,Heekeun,Ballarin,M,15/12/1996
11914,28/04/1957,Kristina,Lovengreen,M,32179
10863,22774,Byong,Bhattacharjee,X,25/12/1985
10739,22587,Gor,Iacovou,F,31384
11087,17/05/1954,Changho,Jayawardene,M,34617
11439,29/09/1957,Fei,Wendorf,M,27/07/1995
11552,20762,Tommaso,Ferretti,M,32519
11941,21924,Gaurav,Cyre,X,31/01/1986
10254,21743,Shen,Brattka,M,14/06/1990
10458,22433,Gina,Engelmann,F,23/07/1988
10872,21/02/1952,Karoline,Speel,F,33033
11922,21227,Marco,Chachaty,M,31058
10414,19971,Yinlin,Alpin,X,30/05/1990
11147,26/09/1955,Ayonca,Nitsch,M,28/01/1992
10041,27/08/1959,Uri,Lenart,F,32853
10604,24/04/1957,Susanna,Brizzi,M,33058
11856,18/12/1962,Gao,Alpin,X,14/01/1989
10134,15/04/1953,Diederik,Siprelle,M,32123
11628,14/02/1952,Fan,Malinowski,M,23/10/1988
11306,20465,Subhankar,Reeken,X,20/11/1996
10160,18/10/1953,Debatosh,Khasidashvili,M,30/01/1989
11556,20/10/1960,Masasuke,Hashii,M,32545
11109,23508,Chinho,Stamatiou,M,29/03/1985
10296,13/05/1964,Petter,Lorho,M,16/09/1989
11817,25/05/1955,Niranjan,Markovitch,M,31750
10322,28/05/1954,Isamu,Dahlbom,F,29/01/1990
10016,22317,Kazuhito,Cappelletti,M,27/01/1995
10521,31/07/1957,Kwangsub,Setia,M,32817
11798,14/08/1964,Kwan,Quaggetto,M,32062
10684,23/01/1956,Aimee,Tokunaga,F,28/10/1999
11831,23/10/1963,Udaiprakash,Billingsley,M,18/07/1993
11786,23356,Sarita,Birch,M,14/04/1995
11752,23692,Bingning,Etalle,M,33888
10920,20305,Ronghao,Narahara,M,33488
10485,20/09/1961,Teruyuki,Sundgren,M,27/10/1985
10206,19/09/1960,Alassane,Iwayama,F,19/04/1988
10921,20/07/1955,Mara,Bahi,F,27/07/1986
10295,13/01/1953,Kristine,Velardi,-,27/08/1990
11397,23020,Fumiya,Kisuki,F,33950
11193,13/08/1964,Val,Kumaresan,M,29/04/1989
11377,26/01/1960,Dayanand,Rosti,F,18/10/1991
11066,19886,Shaz,Langford,M,34799
11705,26/11/1954,Arve,Hofmeyr,M,30/10/1985
11154,18/12/1957,Adel,Ratnaker,F,30/07/1989
11606,19125,Perry,Pepe,M,34516
11745,23443,Janche,Bahi,F,32150
10727,16/06/1959,Saeed,Kitai,F,33451
11190,26/09/1960,Saeko,Mellouli,M,33758
10208,21947,Xiping,Klerer,M,23/12/1991
10635,29/10/1960,Toney,Angiulli,F,22/09/1991
11761,17/07/1964,Bartek,Aamodt,M,33578
11596,22/12/1952,Yannik,Gunderson,F,21/11/1993
10609,20495,Janche,Zhang,M,34405
11719,25/04/1960,Claudi,Baez,M,21/05/1985
10381,23104,Jiong,Parfitt,M,33340
10113,13/11/1963,Jaewon,Syrzycki,M,24/12/1989
11544,23506,Elzbieta,Thimonier,F,34003
11726,18/04/1960,Eldridge,Reghbati,M,29/05/1990
11091,19277,Souichi,Ramsay,X,21/01/1992
10098,23/09/1961,Sreekrishna,Servieres,F,13/05/1985
10405,20/01/1957,Hilary,Budinsky,F,31148
10047,29/06/1952,Zvonko,Nyanchama,M,31/03/1989
11019,19884,Leon,Huttel,M,31139
11953,23/09/1962,Moheb,Baar,M,17/05/1987
10045,14/08/1957,Moss,Shanbhogue,M,32548
11522,24/05/1957,Yishay,Peris,M,26/10/1991
10732,22/04/1962,Morris,Andreotta,F,33514
11683,14/05/1956,Mayumi,Chartres,F,33179
11637,22164,Sangeeta,Melton,M,15/04/1987
11703,15/03/1958,Xuedong,Chiodo,M,23/07/1989
10719,26/09/1959,Guenter,Karunanithi,F,34828
11310,22283,Jianhua,Swab,M,24/11/1991
10439,21432,Jolita,Jarecki,M,33178
10265,21927,Ramalingam,Muniz,M,13/07/1989
11997,19/06/1954,Heon,Mawatari,F,34769
11169,20491,Moss,Serra,M,22/02/1987
10957,22438,Duke,Schnabel,M,23/01/1988
10481,18/10/1959,Yongmao,Pintelas,F,32304
10728,17/11/1958,Ugo,Maliniak,F,32763
10990,22/10/1954,Shin,Foote,M,32301
10890,13/04/1963,Ramzi,Furudate,M,21/04/1988
11430,23/01/1957,Georgi,Klassen,M,27/02/1996
11353,30/01/1960,Utpal,Berztiss,M,25/08/1986
10860,22412,Gino,Werthner,M,33911
11819,14/12/1958,Shigeo,Lampe,F,31965
11946,21/01/1959,Charlene,Maraist,F,29/05/1992
11015,24/01/1965,Jeanna,Riesenhuber,M,29/05/1992
11641,13/10/1955,Chikako,Rothenberg,M,32880
11581,19697,Patricio,Rosenbaum,F,13/11/1992
11001,16/04/1956,Baziley,Buchter,F,23/02/1987
10385,14/05/1963,Khatoun,Imataki,M,20/12/1992
10002,23413,Bezalel,Simmel,F,21/11/1985
11531,19215,Radhika,Motley,M,27/02/1990
11996,25/01/1957,Ayakannu,Junot,M,21/01/1994
10049,24/04/1961,Basil,Tramer,F,33699
11422,20520,Thanasis,Ghalwash,F,32975
11924,19/03/1963,Hirochika,Worfolk,M,17/06/1991
10058,19734,Berhard,McFarlin,M,13/04/1987
11788,22954,Georgy,Gopalakrishnan,M,31481
11167,20911,Morris,Zschoche,F,32694
10944,25/05/1952,Remko,Zyda,M,24/05/1991
10370,20887,Clyde,Fandrianto,M,33698
11009,30/08/1954,Alper,Axelband,F,31664
10546,20/12/1957,Nechama,Schapiro,M,31937
10557,23/08/1957,Sashi,Karlin,M,31/03/1986
10859,16/10/1961,King,Bernini,F,34029
11575,22/02/1955,Godehard,Plotkin,F,19/12/1991
11951,20306,Bernt,Haumacher,M,14/10/1989
10056,22290,Brendon,Bernini,F,32875
10135,23/12/1956,Nathan,Monkewich,M,19/02/1988
10937,23690,Anyuan,Nanard,M,29/08/1987
11842,31/03/1954,Moto,Pi4zza,M,33554
10231,21/07/1963,Shaowen,Desikan,F,13/04/1996
11780,23106,Sugwoo,Sewelson,M,32090
11629,23143,Miquel,Muhlberg,M,32266
10986,20036,Masako,Schiper,M,31361
10692,22228,Larisa,Bage,M,22/03/1993
10799,21/11/1957,Gad,Griswold,F,32300
11048,26/10/1952,Jaques,Demke,M,26/02/1985
10032,22167,Jeong,Reistad,F,20/06/1990
11039,22383,Raimond,Pintelas,F,34249
10924,27/04/1954,Hironoby,Atchley,F,14/08/1988
10800,15/12/1961,Yuchang,Matzke,M,20/05/1993
11510,21165,Masamitsu,Wursthorn,M,28/07/1996
11913,23201,Gil,Pokrovskii,M,17/08/1985
10564,14/04/1955,Jianhao,Thisen,M,31629
11812,13/10/1956,Taizo,Merey,M,30/09/1987
10249,20003,Marie,Boreale,M,33462
11967,21/06/1959,Guoxiang,Chinin,M,28/10/1989
11696,26/10/1954,Dante,Rothe,M,23/10/1985
10402,23/07/1953,Volkmar,Ebeling,M,31809
11505,15/11/1963,Shietung,Billingsley,M,22/12/1988
11343,20006,Susanne,Erez,M,27/02/1989
11268,14/05/1954,Aimee,Petersohn,F,17/05/1985
11560,22/01/1957,Terresa,Birta,X,32691
11673,20/12/1954,Henk,Felder,F,13/10/1988
11678,27/03/1957,Zhaofang,Bernick,M,24/02/1985
11256,22073,Gudjon,Ratzlaff,M,25/09/1986
10536,29/10/1964,Yechiam,Sambasivam,F,25/03/1988
10457,23295,Oddvar,Schlenzig,M,23/11/1991
11518,21/07/1953,Jinxi,Oxman,M,31113
10035,19573,Alain,Chappelet,M,32272
11029,22987,Georgi,Itzfeldt,X,27/12/1992
11961,20830,Sumant,Birdsall,F,26/06/1997
10878,13/06/1952,Lakshmi,Deville,X,25/02/1988
10279,20/08/1964,Barton,Jumpertz,F,20/12/1994
10655,21583,Remko,Dalton,F,14/07/1985
10593,24/07/1952,Falguni,Kenevan,M,33216
11326,15/09/1952,Munenori,Plesums,F,19/02/1990
10612,21551,Gil,Peroz,M,33278
11612,15/01/1962,Siamak,Baar,F,33158
11533,30/10/1953,Vitaly,Lorch,M,20/08/1991
11712,17/07/1961,Mohua,Lyonns,M,33766
11792,27/10/1959,Gina,Aumann,X,29/05/1987
10790,22650,Yurij,Schonegge,M,32939
10665,28/07/1964,Qingxiang,Snyers,M,23/01/1988
11855,15/07/1960,Hilari,Janetzko,F,24/12/1991
10242,22/02/1964,Lunjin,Ozeri,M,18/01/1988
10416,26/05/1956,Uli,Keustermans,M,24/03/1989
10786,19/05/1964,Patricia,dAstous,M,14/03/1989
10362,16/09/1963,Shalesh,dAstous,M,24/08/1988
10081,17/12/1960,Zhongwei,Rosen,M,30/10/1986
11604,22957,Deborah,Baar,M,33189
10212,21798,Divier,Esteva,M,33184
10802,27/10/1960,Masato,Setlzner,M,24/08/1985
10335,13/03/1963,Toshimori,Bahi,F,33759
11120,15/12/1961,Masato,Curless,F,22/01/1988
11876,17/09/1954,Leszek,Kobuchi,M,33456
11578,22/12/1953,Edwin,Rosti,F,22/11/1985
10496,18/04/1959,Gretta,Baig,M,26/02/1987
11821,18/10/1954,Mary,Piazza,F,13/12/1995
10682,20552,Bedir,Haumacher,M,33127
11965,19795,Arup,Morrey,M,20/03/1990
11341,13/07/1962,Heng,Ranka,M,22/03/1989
10425,24/10/1963,Sashi,Osgood,M,29/10/1991
10529,21/11/1952,Ymte,Yetto,M,33725
11538,29/09/1958,Dekang,Bage,X,24/03/1987
10513,21738,Yuichiro,Schicker,F,33273
10644,22/02/1962,Pranas,Benaini,M,29/05/1985
11291,19370,Gino,Glowinski,M,20/10/1985
11587,19821,Shem,Zambonelli,M,24/04/1989
10330,20853,Kasturi,Bellmore,M,31387
11222,20463,Yishai,Neimat,M,32458
10459,30/09/1959,Ennio,Trogemann,M,28/06/1997
11790,22256,Huai,Henseler,F,32389
11647,13/10/1953,Magy,Nitsche,M,32452
11033,20823,Shushma,Bahk,F,32914
11737,17/07/1952,Martina,Garnier,M,35010
10929,26/10/1958,Sumali,Arlazarov,M,15/04/1991
11082,26/07/1962,Deniz,Fontan,M,33615
10787,21465,Shiv,Neimat,X,16/04/1991
11964,22828,Tzu,Norsworthy,F,25/09/1994
10406,21/09/1956,Sigeru,Wynblatt,F,32084
11411,22801,Shigehito,Giaccio,F,17/05/1992
11071,18/07/1954,Kwan,Sigstam,F,23/05/1992
10202,20576,Greger,Lichtner,M,33399
10287,28/11/1963,Marie,Pietracaprina,M,28/12/1992
10980,23295,Filipp,Munawer,G,32599
11308,23/02/1958,Tadahiro,Tibblin,F,31601
11200,23503,Renny,Junet,F,28/06/1988
10121,14/07/1962,Guoxiang,Ramsay,M,32572
11566,23568,Martina,Quittner,M,32724
11038,13/10/1955,Jinya,Beidas,M,15/07/1985
10350,14/11/1954,Kristen,Kavvadias,F,19/08/1990
11735,19/02/1955,Amalendu,Picci,M,14/07/1988
11031,20/12/1954,Ottavia,Walstra,M,26/04/1985
11937,30/12/1961,Zissis,Baba,M,19/04/1996
11920,15/01/1960,Kasturi,Chinal,F,24/12/1985
11987,29/12/1954,Vidya,Schaar,F,17/10/1988
11489,22991,Sandeepan,Yeung,M,13/01/1988
11277,17/09/1961,Munehiro,Ritcey,M,18/01/1990
11517,27/05/1961,Hatem,Raczkowsky,F,31665
11917,26/03/1955,Jiakeng,VanScheik,F,34981
10685,14/01/1959,Zongyan,Cusworth,M,24/04/1990
10531,20034,Oguz,Gimbel,F,20/02/1991
11943,17/06/1957,Ramalingam,Chachaty,F,26/01/1992
11267,18/10/1955,Shaunak,Zaumen,M,14/06/1989
10914,26/04/1956,Mizuhito,Prochazka,M,24/03/1998
10130,27/04/1955,Nishit,Casperson,M,21/06/1988
10088,25/02/1954,Jungsoon,Syrzycki,F,32182
11650,16/11/1959,Arra,Luiz,M,13/01/1994
10298,19882,Dietrich,DuCasse,F,30/03/1999
11334,13/08/1961,Yurij,Vural,M,31756
10392,17/02/1962,Jiann,Hainaut,M,33606
11184,21189,Masoud,Theuretzbacher,M,27/04/1985
11704,23631,Naftali,Baalen,M,27/02/1992
11640,19520,Valeri,Coorg,M,18/01/1987
11832,18/05/1952,Arto,Zlotek,M,16/10/1986
10196,27/01/1954,Marc,Hellwagner,M,16/11/1994
11246,16/11/1964,Maik,Reinhart,M,14/01/1992
11008,22957,Gennady,Menhoudj,M,18/09/1988
10730,22/07/1962,Mohit,Janetzko,X,24/11/1988
10846,27/06/1952,Tokuyasu,Serre,M,26/01/1994
10673,26/12/1959,Hyuckchul,Casperson,M,32876
11847,19847,Tzvetan,Brandsma,F,13/01/1996
11368,31/07/1959,Gino,Bail,M,33756
10233,19728,Lein,Vendrig,F,31174
10629,23/03/1954,Lalit,Francisci,F,30/01/1986
10759,20793,JiYoung,Chenney,M,33340